zip|tractfips
27006|37059080200
27006|37059080400
27006|37059080300
27007|37171930102
27007|37171931102
27007|37171931101
27009|37067003105
27009|37067003103
27009|37169070700
27009|37067003106
27010|37067002804
27011|37197050200
27011|37197050300
27011|37197050501
27011|37197050102
27011|37197050400
27012|37067004013
27012|37057060301
27012|37067004012
27012|37057060303
27012|37067004014
27012|37057060304
27012|37057060302
27012|37067004005
27012|37067004015
27012|37067004007
27013|37097061301
27013|37159051901
27013|37097060702
27013|37097061302
27013|37159051902
27013|37097060701
27014|37059080700
27016|37169070200
27016|37169070100
27017|37171931002
27017|37171931102
27017|37171931101
27017|37171931003
27017|37171930802
27017|37171930801
27017|37171931001
27018|37197050102
27018|37197050502
27018|37197050101
27019|37067002807
27019|37169070700
27019|37067002901
27019|37169070600
27019|37169070200
27019|37169070504
27019|37067002904
27020|37197050400
27020|37193961200
27020|37097060801
27020|37197050300
27021|37169070504
27021|37169070600
27021|37169070501
27021|37169070400
27021|37169070503
27021|37169070200
27021|37067002801
27021|37067002808
27022|37169070300
27022|37169070100
27022|37169070200
27023|37067004011
27023|37067004009
27023|37067004007
27023|37067004010
27023|37067004102
27024|37171930801
27024|37171930700
27025|37157040800
27025|37157041100
27025|37157041002
27025|37157040602
27025|37157041001
27025|37169070100
27025|37157040700
27025|37157040900
27027|37157040900
27027|37157040602
27027|37157040700
27028|37059080500
27028|37059080700
27028|37059080100
27028|37059080300
27028|37097060801
27028|37059080200
27028|37059080400
27028|37059080600
27030|37171930600
27030|37171930201
27030|37169070300
27030|37171930202
27030|37171931001
27030|37171930101
27030|37171930700
27030|37171930302
27030|37171930301
27030|37171930801
27030|37171930102
27030|37171931002
27030|37171931101
27030|37171930502
27030|37171930400
27030|37171930501
27040|37067002809
27040|37067004103
27040|37067004009
27040|37067004104
27040|37067002801
27040|37067004102
27040|37067004010
27041|37171931200
27041|37169070400
27041|37171931102
27041|37171930102
27041|37169070300
27041|37171930101
27042|37169070100
27042|37169070700
27043|37169070400
27043|37171931200
27043|37169070501
27043|37171931103
27043|37169070300
27043|37169070503
27045|37169070503
27045|37067002808
27045|37067002901
27045|37169070501
27045|37169070504
27045|37067002806
27045|37067002809
27045|37067002807
27046|37169070100
27047|37171931102
27048|37157040602
27048|37157040900
27048|37157041002
27048|37157040700
27048|37157040601
27049|37171930502
27050|37067004102
27050|37169070501
27050|37067002801
27050|37067002809
27050|37067002808
27051|37067003003
27051|37067003002
27051|37067003106
27051|37067002904
27051|37067003105
27051|37067003103
27051|37067002903
27052|37169070700
27052|37067003106
27052|37067002904
27052|37169070100
27052|37169070200
27052|37169070600
27053|37171930101
27053|37169070400
27053|37169070200
27053|37171930102
27053|37169070300
27054|37159051902
27055|37197050102
27055|37197050400
27055|37097060801
27055|37197050101
27055|37197050200
27055|37197050502
27055|37059080100
27055|37197050501
27094|37067002808
27099|37067002808
27101|37067000700
27101|37067001700
27101|37067000301
27101|37067000400
27101|37067003002
27101|37067000900
27101|37067000600
27101|37067001200
27101|37067000100
27101|37067000801
27101|37067001100
27101|37067003309
27101|37067001602
27101|37067003003
27101|37067000200
27101|37067001000
27101|37067003004
27102|37067000400
27103|37067003803
27103|37067003701
27103|37067001000
27103|37067004014
27103|37067003904
27103|37067002100
27103|37067003804
27103|37067004013
27103|37067000900
27103|37067003806
27103|37067002200
27103|37067003805
27103|37067003903
27103|37067004015
27103|37067004012
27103|37067001100
27104|37067001100
27104|37067003908
27104|37067000200
27104|37067003906
27104|37067003909
27104|37067002501
27104|37067002502
27104|37067004011
27104|37067003903
27104|37067003904
27104|37067001200
27104|37067002200
27104|37067000302
27104|37067003905
27104|37067004010
27105|37067001500
27105|37067001601
27105|37067000302
27105|37067002903
27105|37067003002
27105|37067001300
27105|37067002702
27105|37067001200
27105|37067002804
27105|37067002904
27105|37067002806
27105|37067002901
27105|37067000500
27105|37067001602
27105|37067002807
27105|37067001400
27105|37067000301
27105|37067000400
27105|37067001700
27105|37067000200
27105|37067002703
27105|37067000600
27106|37067004010
27106|37067002601
27106|37067002804
27106|37067002502
27106|37067002801
27106|37067002501
27106|37067001400
27106|37067001200
27106|37067002702
27106|37067002604
27106|37067002701
27106|37067004103
27106|37067001300
27106|37067000302
27106|37067003906
27106|37067002809
27106|37067002603
27106|37067002703
27106|37067004104
27106|37067003908
27107|37067000801
27107|37067001800
27107|37057060203
27107|37067001901
27107|37057060202
27107|37067000802
27107|37067003403
27107|37067003402
27107|37067002001
27107|37067003311
27107|37057060601
27107|37067003310
27107|37067003600
27107|37057060201
27107|37057060102
27107|37067003308
27107|37067003404
27107|37067003309
27107|37067003500
27108|37067000900
27109|37067001300
27110|37067000700
27110|37067000801
27111|37067000100
27113|37067000100
27114|37067003805
27115|37067000400
27116|37067002703
27117|37067001800
27120|37067000100
27127|37067001901
27127|37057060301
27127|37067003803
27127|37067003804
27127|37057060203
27127|37067001902
27127|37067004015
27127|37067003702
27127|37067001000
27127|37057060302
27127|37067000802
27127|37067003701
27127|37067002002
27127|37067003703
27127|37067002001
27127|37067000900
27127|37067003600
27130|37067003804
27150|37067000100
27152|37067000100
27155|37067000100
27157|37067002200
27199|37067000400
27201|37001021801
27202|37001021500
27203|37151030801
27203|37151030301
27203|37151031400
27203|37151031100
27203|37151030202
27203|37151030201
27203|37151030302
27203|37151030100
27203|37151030400
27205|37151030502
27205|37151030100
27205|37151030504
27205|37151030802
27205|37151030801
27205|37151030700
27205|37151030202
27205|37151030503
27205|37151030600
27207|37037020600
27207|37037020300
27207|37037020500
27208|37151030900
27208|37037020500
27208|37125950100
27209|37123960100
27209|37125950200
27209|37123960500
27209|37125950301
27212|37033930200
27212|37033930100
27213|37037020500
27214|37157041602
27214|37081015706
27214|37081015600
27214|37081015500
27214|37081015100
27214|37157041300
27215|37001021901
27215|37081017200
27215|37001020902
27215|37001020601
27215|37001021801
27215|37001021703
27215|37001021802
27215|37081017000
27215|37001020701
27215|37081015200
27215|37001021702
27215|37001020602
27215|37001020100
27215|37001020702
27215|37001021701
27215|37001020501
27215|37001020802
27215|37001020801
27215|37001020901
27216|37001020802
27217|37001020200
27217|37001020300
27217|37001020502
27217|37001020602
27217|37001020400
27217|37033930500
27217|37001020501
27217|37001021600
27217|37001020802
27217|37001021500
27217|37001021201
27217|37001021300
27217|37033930600
27217|37001021400
27217|37001020100
27217|37001021000
27229|37123960200
27229|37153970200
27229|37123960100
27229|37123960500
27229|37123960402
27230|37151031100
27231|37145920602
27231|37135010801
27233|37081017100
27233|37081017000
27233|37151031306
27233|37081016900
27235|37067003314
27235|37081016204
27235|37081016203
27235|37081016201
27239|37057062001
27239|37057062002
27239|37151030700
27239|37151030504
27239|37123960300
27239|37057061902
27242|37125950200
27242|37123960500
27242|37125950302
27242|37125950301
27243|37135010801
27243|37135011101
27243|37135011102
27243|37135011203
27243|37135011000
27244|37001021600
27244|37001020601
27244|37001021500
27244|37081015100
27244|37081015200
27244|37001021701
27244|37001020501
27244|37033930500
27244|37001021702
27247|37123960100
27248|37151031100
27248|37151031000
27248|37151031400
27248|37151031306
27248|37151030801
27249|37001021701
27249|37033930500
27249|37081015300
27249|37001021600
27249|37081015200
27249|37001021500
27249|37081015100
27249|37081015401
27249|37157041300
27252|37125950100
27252|37037020600
27252|37037020500
27253|37001020300
27253|37001021101
27253|37001021204
27253|37001021000
27253|37001021201
27253|37001020802
27253|37001020901
27253|37001022001
27253|37001021902
27253|37001020902
27253|37001021102
27253|37001021901
27253|37001022002
27253|37001021802
27256|37037020600
27258|37001020300
27258|37001021204
27258|37001022001
27258|37001022002
27258|37001021201
27258|37001021206
27259|37125950100
27260|37081014200
27260|37151031601
27260|37081014502
27260|37081016410
27260|37081014408
27260|37081013700
27260|37081014300
27260|37081013900
27260|37081014503
27260|37081014501
27260|37081014406
27260|37081016409
27260|37081013602
27260|37081013800
27260|37081014411
27260|37081014000
27260|37081014412
27261|37081013900
27262|37081014408
27262|37081014411
27262|37081013602
27262|37057060602
27262|37081014407
27262|37081014410
27262|37081013601
27262|37081013800
27262|37081013700
27262|37057060102
27262|37057060101
27262|37151031601
27262|37081014000
27262|37057060601
27263|37081014502
27263|37151031503
27263|37081014501
27263|37081016702
27263|37151031304
27263|37151031504
27263|37081016600
27263|37151031602
27263|37151031303
27263|37151031601
27265|37081016303
27265|37057060102
27265|37081014410
27265|37081016306
27265|37081016205
27265|37081016406
27265|37081014412
27265|37081016304
27265|37081014409
27265|37081016407
27265|37057060601
27265|37057060101
27265|37081014411
27265|37081016204
27265|37081016409
27265|37081016305
27265|37081016203
27265|37067003313
27265|37081014407
27268|37081013800
27268|37081013601
27278|37135011000
27278|37135010901
27278|37063001603
27278|37135011102
27278|37135011203
27278|37063002100
27278|37135011101
27278|37135010801
27278|37135010902
27278|37135011202
27278|37063001604
27278|37135010802
27281|37123960500
27281|37125950302
27281|37125951200
27281|37153970100
27281|37153970200
27282|37081016409
27282|37081016503
27282|37081016506
27282|37081016505
27282|37081016405
27282|37081016502
27282|37081016407
27282|37081016410
27282|37081016600
27282|37081016406
27282|37081016408
27282|37081014406
27283|37081016900
27283|37151031306
27283|37151031200
27283|37081017000
27283|37081017200
27283|37081017100
27284|37067003108
27284|37081016201
27284|37067003311
27284|37067003107
27284|37067003313
27284|37081015901
27284|37067003308
27284|37067003315
27284|37067003004
27284|37081015902
27284|37067003307
27284|37067003402
27284|37067003202
27284|37067003201
27284|37067003103
27284|37067003312
27284|37081016203
27284|37067003106
27284|37067003314
27284|37067003003
27284|37067003309
27284|37067003310
27284|37057060102
27285|37067003201
27288|37157040101
27288|37157040400
27288|37157040502
27288|37157040501
27288|37157040300
27288|37157040601
27288|37157040602
27288|37157040200
27288|37157041100
27289|37157040300
27291|37033930600
27291|37145920200
27291|37145920601
27292|37057061902
27292|37057061201
27292|37151030504
27292|37057060500
27292|37057061300
27292|37057061803
27292|37057061400
27292|37057062001
27292|37057061701
27292|37057061500
27292|37057061802
27292|37057061901
27292|37057061804
27292|37057061600
27293|37057061300
27294|37057061300
27295|37057061202
27295|37057060400
27295|37057061201
27295|37057061703
27295|37057060303
27295|37057060500
27295|37057061701
27295|37057061702
27295|37057061802
27295|37057060304
27295|37057060203
27295|37057061600
27295|37057060201
27295|37057060301
27298|37001021803
27298|37151031200
27298|37081017000
27298|37151031306
27298|37037020200
27298|37081017200
27298|37001021801
27298|37151031000
27299|37057061803
27299|37057061702
27299|37057061701
27299|37057061804
27299|37057061703
27301|37081015402
27301|37081015401
27301|37081015300
27301|37081015100
27301|37081017200
27301|37081012803
27302|37001021207
27302|37001021201
27302|37135010801
27302|37001021205
27302|37001022002
27302|37001021204
27302|37135011203
27302|37001021206
27302|37135011101
27302|37135011102
27302|37033930600
27302|37001021300
27305|37145920200
27305|37033930100
27306|37123960401
27306|37153970200
27306|37123960500
27306|37123960200
27306|37123960300
27306|37123960402
27310|37081015902
27310|37081016201
27310|37081015901
27310|37081015800
27310|37081016003
27311|37033930300
27311|37033930400
27311|37157040102
27311|37157040101
27312|37037020104
27312|37037020702
27312|37037020106
27312|37135011203
27312|37037020105
27312|37037020600
27312|37037020200
27312|37037020800
27313|37081016800
27313|37081016900
27313|37151031306
27314|37033930600
27314|37135010801
27315|37033930300
27315|37033930400
27316|37151031000
27316|37151030900
27316|37151030801
27316|37151030802
27316|37151031100
27317|37151031304
27317|37151031305
27317|37151030503
27317|37151031306
27317|37151030302
27317|37081016900
27317|37151030400
27317|37151031100
27317|37151031400
27317|37081016702
27317|37151030502
27317|37151030301
27320|37157041500
27320|37157041400
27320|37081015600
27320|37157041200
27320|37157040101
27320|37157041602
27320|37157041300
27320|37157040102
27320|37081015100
27320|37033930500
27320|37157041601
27320|37157041100
27320|37157041002
27320|37033930400
27325|37125950301
27325|37125950100
27325|37125950200
27325|37037020500
27325|37151030900
27326|37033930400
27326|37157040101
27326|37157040102
27330|37105030200
27330|37125950402
27330|37085071101
27330|37037020600
27330|37105030402
27330|37105030601
27330|37105030401
27330|37105030701
27330|37105030101
27330|37105030102
27330|37125950100
27330|37105030602
27330|37105030702
27330|37105030300
27331|37105030300
27332|37037020800
27332|37105030501
27332|37105030502
27332|37105030402
27332|37085071301
27332|37085071303
27332|37105030401
27332|37085071102
27332|37037020600
27332|37085071401
27332|37085071302
27332|37105030702
27332|37105030503
27332|37105030602
27340|37001022001
27341|37151030802
27341|37125950200
27341|37123960100
27341|37151030900
27342|37081015300
27343|37145920200
27343|37033930600
27343|37033930100
27344|37037020200
27344|37037020402
27344|37037020500
27344|37037020600
27344|37037020401
27344|37037020300
27344|37151030900
27344|37001021803
27344|37151031000
27349|37037020200
27349|37001021902
27349|37001021901
27349|37001021801
27349|37001021803
27349|37001021802
27350|37151031303
27350|37151031304
27350|37151031505
27350|37151030503
27350|37151030504
27351|37057061804
27355|37151031000
27355|37037020402
27355|37037020300
27355|37037020200
27355|37151031200
27356|37125950301
27356|37123960100
27356|37125950200
27356|37123960200
27357|37157041002
27357|37169070700
27357|37157041001
27357|37081015901
27357|37067003106
27358|37157041602
27358|37081016003
27358|37157041002
27358|37081015800
27358|37081015600
27358|37081016005
27358|37081016008
27358|37081015901
27359|37001021101
27359|37001022001
27360|37057060900
27360|37057061901
27360|37151031601
27360|37057061201
27360|37151030504
27360|37151031501
27360|37057060500
27360|37057060700
27360|37057061000
27360|37057060602
27360|37057061902
27360|37057060601
27360|37057061100
27360|37057060800
27360|37057060102
27370|37151030504
27370|37151031601
27370|37151031501
27370|37151031504
27370|37151031304
27370|37151031602
27370|37151031505
27370|37151031303
27370|37151030503
27371|37151030700
27371|37123960300
27371|37123960100
27371|37123960200
27373|37057060102
27374|37057060400
27375|37157041100
27376|37125950401
27376|37125950301
27376|37125950601
27376|37125950302
27376|37125950602
27377|37081015300
27377|37081017000
27377|37081017200
27377|37081015200
27379|37033930200
27379|37033930400
27379|37033930500
27379|37033930600
27379|37033930100
27401|37081010800
27401|37081010701
27401|37081011200
27401|37081011000
27401|37081010702
27401|37081010900
27401|37081011102
27401|37081012707
27401|37081012803
27401|37081010300
27401|37081011101
27402|37081011000
27403|37081010602
27403|37081012604
27403|37081010702
27403|37081011500
27403|37081012610
27403|37081011601
27403|37081010601
27403|37081010500
27403|37081011602
27403|37081012505
27403|37081010701
27404|37081012509
27405|37081012707
27405|37081012704
27405|37081011904
27405|37081015500
27405|37081010900
27405|37081011000
27405|37081012706
27405|37081015402
27405|37081012703
27405|37081010100
27405|37081017200
27405|37081010200
27405|37081010300
27405|37081015401
27405|37081012803
27405|37081015100
27405|37081015300
27405|37081011905
27405|37081012705
27406|37081012612
27406|37081010800
27406|37081012805
27406|37081012611
27406|37081012604
27406|37081016600
27406|37081016702
27406|37081012610
27406|37081011400
27406|37081011300
27406|37081012803
27406|37081017100
27406|37081016701
27406|37081016900
27406|37081011500
27406|37081012804
27406|37081011200
27406|37081016800
27406|37081017200
27406|37081017000
27407|37081012601
27407|37081016502
27407|37081012504
27407|37081011602
27407|37081016503
27407|37081012609
27407|37081012617
27407|37081016103
27407|37081010601
27407|37081016405
27407|37081012607
27407|37081016505
27407|37081016701
27407|37081016011
27407|37081012608
27407|37081012611
27407|37081016600
27407|37081016506
27407|37081012610
27407|37081016702
27408|37081010403
27408|37081010200
27408|37081012508
27408|37081012509
27408|37081012503
27408|37081015705
27408|37081010800
27408|37081010500
27408|37081010401
27408|37081010404
27408|37081012505
27408|37081012703
27408|37081010701
27409|37081016201
27409|37081016102
27409|37081016011
27409|37081016008
27409|37081016204
27409|37081016103
27409|37081016406
27409|37081016003
27409|37081016503
27409|37081980100
27409|37081016405
27409|37081012601
27410|37081016102
27410|37081016009
27410|37081016008
27410|37081016101
27410|37081015704
27410|37081016405
27410|37081016007
27410|37081016010
27410|37081012505
27410|37081016406
27410|37081016103
27410|37081012504
27410|37081016006
27410|37081012511
27410|37081015705
27410|37081016011
27410|37081016003
27410|37081016005
27410|37081012509
27410|37081012510
27410|37081980100
27410|37081012508
27411|37081011000
27412|37081010701
27412|37081010702
27413|37081010702
27415|37081010300
27416|37081012604
27417|37081012609
27419|37081016102
27420|37081011000
27425|37081016102
27429|37081011000
27435|37081011000
27438|37081012508
27455|37081015704
27455|37081015500
27455|37081015703
27455|37081012703
27455|37081015600
27455|37081015705
27455|37081015707
27455|37081015706
27455|37081015800
27455|37081011904
27455|37081012503
27495|37081012601
27497|37081016405
27498|37081011000
27498|37081016201
27499|37081011000
27499|37081012609
27501|37101041502
27501|37085070903
27501|37085070901
27501|37101041503
27501|37085070402
27501|37085070401
27501|37085071001
27501|37085070801
27501|37085070904
27501|37085070902
27501|37183053108
27502|37037020702
27502|37183053417
27502|37183053420
27502|37183053418
27502|37183053419
27502|37183053415
27502|37183053416
27502|37183053413
27502|37183053414
27502|37183053412
27503|37063001603
27503|37063002100
27503|37063001601
27504|37101041503
27504|37085070200
27504|37101041501
27504|37085070402
27504|37101041502
27504|37085070300
27504|37101041202
27504|37101041400
27504|37101041300
27505|37105030702
27505|37085071301
27505|37085071302
27505|37085071303
27505|37085071102
27505|37085071101
27506|37085070802
27507|37181960200
27507|37077970101
27508|37069060801
27508|37069060700
27509|37077970702
27509|37077970703
27509|37077970704
27509|37077970603
27509|37077970701
27510|37135010704
27510|37135010705
27510|37135010703
27510|37135010706
27510|37135012202
27511|37183053517
27511|37183053507
27511|37183053519
27511|37183053419
27511|37183053520
27511|37183053516
27511|37183053505
27511|37183053509
27511|37183053506
27511|37183053518
27511|37183053521
27512|37183053519
27513|37183053424
27513|37183053423
27513|37183053520
27513|37183053522
27513|37183053512
27513|37183053606
27513|37183053517
27513|37183053605
27513|37183053525
27513|37183053524
27513|37183053521
27513|37183053523
27513|37183053422
27513|37183053513
27513|37183053425
27514|37135011901
27514|37135011500
27514|37135011800
27514|37135012100
27514|37135011601
27514|37135011700
27514|37135011202
27514|37135011205
27514|37135011400
27514|37135011902
27514|37135011602
27514|37135011300
27514|37135010902
27514|37135011204
27515|37135012100
27516|37135011202
27516|37135010902
27516|37135011901
27516|37037020106
27516|37135010705
27516|37135012201
27516|37135012202
27516|37037020105
27516|37135011300
27516|37135010703
27516|37135011601
27516|37135011602
27516|37135010706
27516|37135010704
27516|37135011203
27516|37135011800
27516|37135011700
27516|37135010701
27516|37135011204
27516|37135011205
27517|37037020103
27517|37037020105
27517|37037020702
27517|37135012202
27517|37135011500
27517|37135012201
27517|37037020701
27517|37135012100
27517|37063002018
27517|37063002019
27517|37037020104
27518|37183053004
27518|37183053003
27518|37183053005
27518|37183053509
27518|37183053505
27518|37183053405
27518|37183053421
27518|37183053506
27519|37183053603
27519|37183053606
27519|37183053415
27519|37183053608
27519|37183053408
27519|37183053602
27519|37037020701
27519|37183053411
27519|37183053410
27519|37183053604
27519|37183053409
27519|37183053605
27519|37183053412
27519|37183053601
27519|37183053607
27519|37183053517
27519|37183053425
27519|37183053424
27520|37183052807
27520|37101041001
27520|37101041103
27520|37101041102
27520|37101041501
27520|37101040902
27520|37101040901
27520|37183052809
27520|37101041002
27520|37101041101
27521|37085070802
27521|37085070402
27521|37085070401
27522|37077970603
27522|37077970703
27522|37077970601
27522|37077970602
27522|37183053900
27522|37077970701
27523|37037020702
27523|37183053424
27523|37037020701
27523|37183053408
27523|37183053418
27523|37183053509
27523|37183053409
27523|37183053410
27523|37183053411
27523|37183053419
27523|37183053415
27523|37183053416
27523|37183053412
27524|37101041202
27524|37101041300
27524|37101041501
27524|37191001000
27524|37101041201
27524|37101041400
27525|37069060502
27525|37069060302
27525|37069060600
27525|37069060501
27525|37069060402
27525|37077970602
27525|37069060401
27525|37077970601
27526|37183053105
27526|37183053109
27526|37183053202
27526|37183053206
27526|37085071002
27526|37085071001
27526|37183053110
27526|37183053111
27526|37183053201
27526|37183053205
27526|37183053106
27526|37183053108
27526|37085070904
27526|37183053207
27526|37183053107
27526|37085070901
27527|37101040203
27527|37101040901
27527|37101040302
27527|37101041001
27528|37101041001
27529|37183052801
27529|37183054500
27529|37101041101
27529|37183052807
27529|37183052101
27529|37183052902
27529|37183052808
27529|37183052802
27529|37101041102
27529|37183052803
27529|37101041103
27529|37183052903
27529|37183052809
27530|37191000902
27530|37191000102
27530|37191000101
27530|37191001900
27530|37191001200
27530|37191001101
27530|37191001500
27530|37191000901
27530|37191001400
27530|37191002000
27530|37191000304
27530|37191000303
27530|37191001000
27530|37191001800
27530|37191001102
27530|37191000500
27531|37191000500
27532|37191001302
27533|37191001500
27534|37191000303
27534|37191000401
27534|37191001900
27534|37191001302
27534|37191000402
27534|37191000500
27534|37079950200
27534|37191001301
27534|37191000302
27534|37191001800
27534|37191000304
27534|37191001200
27536|37181960600
27536|37181960700
27536|37181960800
27536|37181960400
27536|37181960900
27536|37181960100
27536|37181960300
27536|37181960500
27537|37181960700
27537|37181961000
27537|37181960800
27537|37181960600
27537|37181960100
27537|37185950400
27537|37181960200
27537|37069060100
27537|37181960400
27537|37181960300
27537|37181960900
27537|37181960500
27539|37183053008
27539|37183053420
27539|37183053005
27539|37183053203
27539|37183053207
27539|37183053405
27539|37183053421
27539|37183053111
27539|37183053006
27539|37183053201
27540|37183053202
27540|37183053207
27540|37183053107
27540|37183053420
27540|37183053205
27540|37183053204
27540|37037020702
27540|37183053203
27540|37183053201
27540|37085071002
27540|37183053206
27540|37183053106
27541|37145920601
27541|37135010801
27541|37145920602
27541|37135010802
27542|37101040100
27542|37191000101
27542|37195001500
27542|37101040500
27542|37195001600
27542|37101040201
27542|37195001700
27543|37085071001
27544|37077970500
27544|37181961000
27544|37069060301
27544|37069060100
27545|37183054108
27545|37183054113
27545|37183054404
27545|37183054112
27545|37183054111
27545|37183054114
27545|37183054115
27545|37183054109
27545|37183054403
27546|37085071204
27546|37085070801
27546|37085071102
27546|37085071002
27546|37085071301
27546|37085070700
27546|37085071302
27546|37085071303
27546|37085071101
27546|37085071001
27546|37085070802
27546|37085070401
27549|37069060200
27549|37069060302
27549|37069060600
27549|37069060801
27549|37069060402
27549|37069060301
27549|37069060700
27549|37069060502
27549|37069060100
27551|37185950103
27551|37185950200
27551|37185950102
27551|37185950101
27551|37185950300
27552|37085071102
27553|37185950200
27553|37181960100
27555|37101040100
27556|37181960100
27557|37101040201
27557|37127011400
27557|37127011500
27557|37195001500
27557|37069060802
27559|37037020702
27559|37037020600
27559|37037020800
27560|37183053607
27560|37183053523
27560|37183053609
27560|37183053606
27560|37063001809
27560|37183053513
27560|37183053524
27560|37183053602
27560|37183053522
27560|37183053603
27560|37063980100
27560|37183980100
27560|37183053605
27560|37063002028
27560|37183053608
27560|37183053610
27562|37037020702
27562|37183053207
27562|37183053413
27563|37185950300
27563|37185950400
27563|37181960900
27563|37181960100
27563|37185950200
27565|37077970601
27565|37181960300
27565|37077970500
27565|37077970701
27565|37077970102
27565|37145920100
27565|37077970101
27565|37181960200
27565|37077970200
27565|37077970400
27565|37181961000
27565|37077970300
27568|37101040400
27569|37101040500
27569|37101041300
27569|37191001101
27569|37101040100
27569|37191000101
27569|37191001000
27569|37101040400
27570|37185950200
27571|37183054211
27571|37183054210
27572|37063002100
27572|37077970701
27572|37145920500
27572|37077970102
27572|37135010802
27572|37145920100
27573|37145920601
27573|37145920200
27573|37145920400
27573|37145920100
27573|37145920300
27573|37145920500
27574|37145920500
27574|37145920100
27574|37145920300
27574|37077970102
27574|37145920602
27574|37145920601
27574|37145920200
27574|37145920400
27574|37077970101
27576|37101040202
27576|37101040700
27576|37101040400
27576|37101040203
27576|37101040301
27576|37101040201
27576|37101040302
27576|37101040100
27577|37101040800
27577|37101040902
27577|37101040700
27577|37101040400
27577|37101040901
27577|37101041103
27577|37101040500
27577|37101041501
27577|37101041202
27577|37101041201
27577|37101040600
27581|37077970601
27581|37077970701
27582|37077970101
27583|37145920500
27583|37145920602
27583|37145920100
27583|37135010802
27584|37181960200
27586|37185950103
27587|37183054204
27587|37183054208
27587|37183054205
27587|37183053804
27587|37183054210
27587|37183054206
27587|37183054209
27587|37069060600
27587|37183054301
27587|37183054207
27587|37183054203
27587|37077970602
27587|37183053808
27587|37069060502
27587|37183054211
27587|37183054111
27587|37183053900
27587|37069060501
27587|37183054110
27587|37183054013
27588|37183054205
27589|37185950300
27589|37185950400
27589|37069060100
27589|37185950103
27589|37185950200
27591|37183054403
27591|37183054302
27591|37101040203
27591|37101040202
27591|37183054109
27591|37183054108
27591|37101040201
27591|37183054402
27591|37183054111
27591|37183054301
27591|37183054404
27592|37183052904
27592|37101041502
27592|37183052901
27592|37101041501
27592|37183053110
27592|37085070901
27592|37183053108
27592|37183053109
27593|37101040901
27594|37185950200
27596|37183054301
27596|37069060502
27596|37183054203
27596|37069060501
27596|37183054210
27596|37183053900
27596|37069060600
27596|37077970602
27596|37183054211
27597|37069060802
27597|37183054210
27597|37183054403
27597|37127011500
27597|37069060801
27597|37069060600
27597|37183054302
27597|37101040201
27597|37101040202
27597|37183054404
27597|37183054301
27599|37135011800
27599|37135011602
27599|37135011601
27599|37135011500
27599|37135011700
27601|37183050100
27601|37183050700
27601|37183051000
27601|37183050800
27601|37183050500
27601|37183050900
27601|37183054500
27601|37183050600
27602|37183050100
27603|37183052301
27603|37183050100
27603|37183053110
27603|37183052302
27603|37183052802
27603|37183052903
27603|37183051200
27603|37101041102
27603|37183052801
27603|37183054500
27603|37183052904
27603|37183053009
27603|37183051000
27603|37183050300
27603|37183052901
27603|37183053111
27603|37183053008
27603|37183052902
27603|37183050400
27603|37183050900
27603|37183052101
27603|37183051102
27604|37183051800
27604|37183051900
27604|37183052706
27604|37183054113
27604|37183052705
27604|37183054105
27604|37183050100
27604|37183054018
27604|37183052707
27604|37183050600
27604|37183050400
27604|37183054104
27604|37183054008
27604|37183052704
27604|37183050500
27605|37183050300
27605|37183051600
27605|37183051200
27605|37183051400
27605|37183051102
27605|37183051000
27606|37183053008
27606|37183051101
27606|37183053005
27606|37183052301
27606|37183052401
27606|37183053006
27606|37183052406
27606|37183052408
27606|37183053003
27606|37183053007
27606|37183052409
27606|37183051102
27606|37183052407
27606|37183053516
27606|37183052404
27606|37183052302
27607|37183051400
27607|37183051600
27607|37183052504
27607|37183051101
27607|37183053521
27607|37183051200
27607|37183052401
27607|37183052503
27607|37183051501
27607|37183051502
27607|37183051102
27608|37183052603
27608|37183051700
27608|37183051400
27608|37183051600
27608|37183051501
27608|37183051800
27609|37183052602
27609|37183052601
27609|37183054004
27609|37183053716
27609|37183051700
27609|37183054006
27609|37183054018
27609|37183053715
27609|37183052603
27609|37183054001
27609|37183052705
27609|37183052701
27609|37183053707
27610|37183054106
27610|37183054109
27610|37183050500
27610|37183050900
27610|37183050700
27610|37183050600
27610|37183054500
27610|37101041002
27610|37183054113
27610|37183052102
27610|37183051900
27610|37183052101
27610|37183052807
27610|37183050400
27610|37183054114
27610|37183052803
27610|37183050800
27610|37183052707
27610|37183052002
27610|37183054105
27610|37183052706
27610|37183052001
27610|37183052806
27611|37183050100
27612|37183052507
27612|37183052505
27612|37183052506
27612|37183053726
27612|37183980200
27612|37183053707
27612|37183053714
27612|37183052504
27612|37183051700
27612|37183053725
27612|37183053715
27612|37183052503
27612|37183051501
27612|37183052601
27612|37183053724
27612|37183053709
27612|37183053716
27613|37183053724
27613|37183053721
27613|37183053803
27613|37063001900
27613|37183053719
27613|37183053714
27613|37183053722
27613|37183053725
27613|37183053707
27613|37183053712
27613|37183053804
27613|37183053711
27613|37183053720
27613|37183053726
27613|37183053718
27613|37183053713
27614|37183053805
27614|37183053807
27614|37183053806
27614|37183054208
27614|37183054016
27614|37183053808
27614|37183053804
27614|37183054013
27614|37183053803
27614|37183054207
27615|37183054016
27615|37183054001
27615|37183054004
27615|37183054018
27615|37183053722
27615|37183053707
27615|37183053723
27615|37183054011
27615|37183054007
27615|37183053803
27615|37183054006
27615|37183053807
27615|37183054012
27615|37183053808
27615|37183054017
27615|37183053721
27616|37183054110
27616|37183054104
27616|37183054015
27616|37183054018
27616|37183054105
27616|37183054111
27616|37183054017
27616|37183054014
27616|37183054008
27616|37183054209
27616|37183054113
27616|37183054016
27616|37183054210
27616|37183054013
27617|37183053610
27617|37063002028
27617|37183053717
27617|37183053709
27617|37183053724
27617|37063001900
27617|37183053718
27617|37183980200
27617|37183053711
27619|37183052701
27620|37183052001
27622|37183052701
27623|37183053717
27624|37183054011
27627|37183052301
27628|37183051600
27629|37183052706
27636|37183051101
27640|37183050100
27656|37183052503
27658|37183054018
27661|37183054015
27675|37183053717
27676|37183053717
27690|37183052503
27690|37183053610
27690|37183052704
27690|37183053009
27690|37183051000
27690|37183054104
27690|37183054013
27690|37183052504
27690|37183053808
27690|37183054014
27690|37183053717
27690|37183054017
27690|37183053008
27690|37183053807
27697|37183050700
27699|37183050100
27701|37063000200
27701|37063001001
27701|37063001100
27701|37063000700
27701|37063002200
27701|37063000900
27701|37063001002
27701|37063001301
27701|37063000101
27701|37063000302
27701|37063002300
27701|37063000500
27701|37063001400
27701|37063000301
27701|37063001303
27701|37063000600
27702|37063002200
27703|37063001808
27703|37063002027
27703|37063001807
27703|37063001802
27703|37063001400
27703|37063001900
27703|37063001002
27703|37063001100
27703|37063002009
27703|37183053717
27703|37063001809
27703|37063002028
27703|37063001806
27703|37063001001
27703|37063980100
27704|37063001900
27704|37063001705
27704|37063001708
27704|37063000900
27704|37063001806
27704|37063001709
27704|37063000102
27704|37063000101
27704|37063001711
27704|37063001002
27704|37063001802
27704|37063001710
27704|37063001801
27704|37063000200
27705|37063001706
27705|37135010902
27705|37063002015
27705|37063001502
27705|37063000600
27705|37063001501
27705|37063001711
27705|37063001707
27705|37063002017
27705|37063000401
27705|37063000301
27705|37063001705
27705|37135010901
27705|37063000500
27705|37135011204
27705|37063000402
27705|37063000102
27705|37063001710
27707|37063002007
27707|37063001303
27707|37063000700
27707|37063002016
27707|37135011204
27707|37135012100
27707|37063000600
27707|37063002300
27707|37063001400
27707|37063002018
27707|37063000500
27707|37063002021
27707|37063002017
27707|37063002019
27707|37063002009
27707|37063002015
27707|37063002008
27707|37063001304
27707|37063001301
27708|37063001501
27708|37063000500
27708|37063001503
27709|37063001809
27709|37063980100
27710|37063001501
27712|37063002100
27712|37063001603
27712|37063001604
27712|37135010901
27712|37063001705
27712|37063001707
27712|37063001601
27712|37063001711
27713|37063002024
27713|37063002020
27713|37063980100
27713|37063002019
27713|37063002025
27713|37063002022
27713|37063002027
27713|37063002026
27713|37063002009
27713|37063002023
27713|37063002007
27713|37183053601
27713|37037020701
27713|37063002021
27713|37063002013
27715|37063001502
27717|37063002016
27722|37063001603
27801|37065020200
27801|37127010200
27801|37065020400
27801|37065021500
27801|37065021400
27801|37065020300
27801|37065020600
27801|37065021300
27802|37065020200
27803|37127011200
27803|37127010504
27803|37127010502
27803|37065020200
27803|37065021400
27803|37127010200
27803|37127010300
27803|37127011101
27803|37127010800
27803|37195001300
27803|37127010400
27804|37127010400
27804|37127011102
27804|37127010300
27804|37127010504
27804|37127010700
27804|37127010502
27804|37127010602
27804|37127011101
27804|37065020600
27804|37127010503
27804|37127010800
27804|37127010601
27805|37015960200
27805|37091950401
27805|37015960300
27805|37091950300
27805|37131920200
27806|37013930900
27806|37013930800
27807|37127011300
27807|37195001500
27807|37195001400
27807|37127011400
27807|37127011500
27808|37013930600
27808|37013930700
27809|37127010800
27809|37127010700
27809|37065020600
27810|37095920100
27810|37013930700
27810|37013930100
27811|37147001600
27812|37147002002
27812|37117970600
27812|37065020800
27812|37117970400
27813|37195000900
27814|37013930900
27815|37065021300
27816|37069060200
27816|37127010900
27816|37069060700
27817|37147001100
27817|37013931000
27817|37013930900
27818|37091950100
27819|37065020800
27820|37131920100
27820|37131920200
27821|37013930900
27821|37013930800
27822|37127011300
27822|37195001200
27822|37195000600
27822|37195001100
27822|37195000700
27822|37195001400
27822|37127011200
27822|37195001300
27822|37065021400
27823|37083930800
27823|37083931100
27823|37083931000
27823|37083930600
27823|37083930900
27824|37095920100
27825|37117970300
27826|37177960100
27826|37095920100
27827|37147001900
27828|37147001900
27828|37147001800
27828|37079950102
27828|37147001700
27828|37079950101
27828|37147001600
27829|37195001100
27829|37065021600
27829|37195001200
27829|37147001900
27830|37195001000
27830|37191000101
27830|37195000900
27830|37191000200
27831|37131920300
27831|37131920401
27832|37131920402
27832|37131920401
27833|37147000602
27834|37147000501
27834|37147000602
27834|37065020800
27834|37013930200
27834|37147002002
27834|37147000603
27834|37147000100
27834|37147001600
27834|37147000900
27834|37147000702
27834|37147001900
27834|37147000202
27834|37147001700
27834|37147000201
27834|37147000601
27834|37147000400
27834|37147002001
27834|37147000800
27834|37147000701
27835|37147000100
27836|37147000100
27837|37147001200
27837|37147001001
27837|37147001100
27837|37147001002
27837|37013931000
27839|37083931000
27839|37083931100
27839|37083930600
27839|37083930900
27839|37083930100
27840|37117970400
27841|37117970400
27842|37185950101
27842|37131920402
27843|37117970400
27843|37083931100
27843|37065020800
27844|37083930800
27844|37185950103
27845|37131920200
27845|37131920100
27845|37131920300
27846|37187950200
27846|37117970100
27846|37117970500
27847|37015960300
27849|37015960300
27850|37083930800
27850|37185950101
27850|37083930600
27850|37185950103
27850|37083930700
27850|37185950102
27851|37195001600
27851|37191000101
27851|37195001700
27851|37195000900
27852|37065021300
27852|37065021600
27852|37195001200
27852|37065021500
27852|37147001900
27853|37131920300
27853|37131920100
27855|37131920100
27855|37091950100
27856|37127011102
27856|37127011000
27856|37127010900
27856|37127011101
27856|37127010800
27856|37127011200
27856|37127011300
27857|37117970400
27857|37117970500
27858|37147000302
27858|37147001002
27858|37147000201
27858|37147001303
27858|37147001100
27858|37147000701
27858|37147000400
27858|37147000501
27858|37147001001
27858|37147000301
27858|37147001003
27858|37147000202
27858|37147000502
27858|37147001200
27858|37147000100
27860|37187950300
27860|37013930100
27860|37095920100
27861|37117970600
27862|37131920100
27863|37191000200
27863|37191000304
27863|37191000101
27863|37101040100
27863|37079950200
27863|37191000303
27863|37191000102
27863|37101040500
27864|37065021400
27864|37065021500
27864|37065021300
27864|37065021600
27865|37013930100
27865|37013930200
27865|37013930600
27865|37013930700
27866|37131920401
27866|37131920300
27867|37131920200
27868|37127010800
27869|37131920200
27869|37131920300
27869|37015960300
27870|37083930300
27870|37083930400
27870|37083930200
27870|37083930501
27870|37083930600
27870|37083930700
27870|37083930502
27870|37083930100
27871|37013930200
27871|37117970600
27871|37117970400
27871|37147002002
27871|37117970500
27872|37015960300
27873|37195001100
27874|37083930900
27874|37083931100
27874|37083931000
27875|37095920100
27876|37131920300
27876|37131920100
27877|37131920100
27878|37127011200
27879|37147001002
27880|37127011400
27880|37195001500
27881|37065020800
27882|37127010900
27882|37127011300
27882|37127011000
27882|37127011500
27882|37069060802
27882|37069060700
27882|37069060801
27883|37191000200
27883|37195001000
27883|37079950101
27883|37195000900
27883|37079950200
27883|37195001100
27883|37195001200
27884|37147002002
27884|37147000900
27885|37095920100
27886|37147002002
27886|37065021600
27886|37065021200
27886|37065021300
27886|37065021100
27886|37065021000
27886|37065020700
27886|37065020600
27886|37065020900
27886|37065020800
27887|37083931000
27888|37195001100
27888|37147001900
27888|37079950101
27889|37117970500
27889|37147000900
27889|37013930501
27889|37013930300
27889|37013930600
27889|37013930502
27889|37013930400
27889|37013930200
27890|37083930100
27891|37127010900
27891|37127010700
27891|37065020700
27891|37127010800
27891|37083930800
27892|37117970100
27892|37117970300
27892|37117970400
27892|37117970500
27892|37117970200
27893|37195000400
27893|37195001500
27893|37195001000
27893|37195000801
27893|37195001400
27893|37195000600
27893|37195000900
27893|37195000802
27893|37195001100
27893|37195000100
27893|37195001700
27893|37195000200
27893|37195000502
27893|37195000700
27893|37195001200
27893|37195000300
27893|37195000501
27893|37195001300
27894|37195000200
27895|37195000400
27896|37195000502
27896|37195000501
27896|37195001500
27896|37127011200
27896|37195001400
27896|37195000400
27896|37127011300
27896|37195000600
27897|37091950300
27897|37131920200
27906|37139960300
27907|37139960300
27909|37139960501
27909|37139960701
27909|37139960702
27909|37139960100
27909|37139960300
27909|37139960600
27909|37139960502
27909|37139960200
27909|37139960400
27909|37139960503
27909|37029950101
27910|37015960100
27910|37091950401
27910|37015960200
27910|37091950100
27910|37091950200
27910|37091950402
27910|37091950300
27915|37055970502
27916|37053110401
27917|37053110302
27919|37143920100
27919|37073970100
27919|37041930200
27920|37055970502
27921|37029950101
27921|37029950102
27922|37091950200
27922|37091950402
27923|37053110401
27923|37053110302
27923|37053110402
27924|37015960100
27925|37177960100
27926|37073970100
27926|37073970200
27927|37053110101
27928|37187950300
27928|37187950100
27928|37177960100
27929|37053110301
27929|37053110302
27932|37041930102
27932|37041930101
27932|37041930200
27932|37143920201
27932|37143920202
27935|37073970300
27936|37055970502
27937|37073970200
27937|37073970300
27938|37073970100
27938|37073970200
27938|37073970300
27939|37053110401
27939|37053110402
27941|37053110402
27942|37091950200
27943|37055970502
27944|37143920202
27944|37143920100
27944|37143920201
27946|37041930200
27946|37143920100
27946|37073970100
27947|37053110401
27947|37053110402
27948|37055970200
27948|37055970400
27948|37055970300
27949|37055970102
27949|37055970101
27949|37055970200
27950|37053110102
27950|37053110200
27953|37055970501
27954|37055970601
27954|37055970602
27956|37053110302
27956|37053110301
27957|37015960100
27957|37015960400
27958|37053110200
27958|37053110302
27958|37053110301
27959|37055970300
27959|37055970400
27960|37095920100
27962|37013930100
27962|37013930600
27962|37187950100
27962|37187950300
27962|37117970100
27962|37187950200
27964|37053110402
27965|37053110402
27965|37053110401
27966|37053110402
27967|37015960100
27968|37055970502
27969|37073970300
27970|37187950300
27970|37187950100
27973|37029950102
27973|37053110302
27974|37029950102
27976|37029950101
27978|37055970501
27979|37073970100
27979|37073970200
27980|37041930200
27980|37143920201
27980|37143920100
27981|37055970602
27983|37015960100
27983|37015960400
27983|37015960200
27983|37015960300
27985|37143920100
27986|37091950200
28001|37167931202
28001|37167931100
28001|37167930102
28001|37167931201
28001|37167930700
28001|37167930500
28001|37167930300
28001|37167931000
28001|37167930200
28001|37167930101
28002|37167931201
28006|37109071002
28006|37071030203
28006|37071030205
28007|37007920200
28009|37167930200
28010|37097061201
28012|37071032401
28012|37071032402
28012|37071031201
28012|37071032301
28012|37071031001
28012|37071031202
28012|37071032302
28012|37071032502
28012|37071032200
28012|37071032508
28012|37071033307
28012|37071031004
28016|37071031600
28016|37071030502
28016|37071030802
28016|37071030401
28016|37071030801
28016|37071031800
28016|37071030402
28016|37071030501
28016|37071031703
28016|37109070400
28017|37045951501
28018|37161960700
28018|37023020202
28018|37161960100
28018|37161961000
28018|37161960800
28019|37161961101
28020|37045950101
28020|37161960100
28021|37071030700
28021|37045950302
28021|37045950301
28021|37071030501
28021|37109070500
28021|37071030502
28021|37071030601
28021|37071030602
28023|37159051700
28023|37159051400
28023|37159051802
28023|37159051102
28023|37159051201
28023|37159051101
28023|37159051502
28023|37159051600
28023|37159051801
28024|37161961101
28025|37025040500
28025|37025042101
28025|37025040900
28025|37025042102
28025|37025042200
28025|37025042300
28025|37025042401
28025|37025041501
28025|37025040703
28025|37025041602
28025|37025041902
28025|37025042402
28025|37025041601
28025|37025041701
28025|37025041502
28025|37025041503
28025|37025041702
28025|37025040600
28026|37025042300
28027|37025042503
28027|37025042504
28027|37025041200
28027|37025042000
28027|37025041901
28027|37025042602
28027|37025042502
28027|37025042501
28027|37025042604
28027|37025041301
28027|37025042102
28027|37025041503
28027|37025041303
28027|37025042603
28027|37119006304
28027|37025042402
28027|37025041100
28027|37025042601
28027|37025041302
28027|37025042101
28031|37119006406
28031|37119006405
28031|37119006403
28031|37119006208
28031|37119006407
28031|37119006203
28031|37119006204
28031|37119006209
28032|37071032508
28032|37071032200
28033|37109070500
28033|37109070400
28033|37071030501
28033|37071030601
28034|37071030902
28034|37071030402
28034|37071030205
28034|37071030802
28034|37071030302
28034|37071030901
28034|37071030401
28034|37071030301
28034|37109071001
28034|37071033500
28036|37097061407
28036|37119006203
28036|37119006403
28036|37159051801
28036|37097061408
28036|37119006404
28036|37025041301
28036|37119006405
28036|37025041200
28037|37109071202
28037|37109071102
28037|37109071101
28037|37109071201
28037|37109071203
28037|37109070902
28037|37035011504
28037|37035011501
28038|37045951601
28039|37159050800
28040|37045951400
28040|37045950102
28040|37161961000
28040|37161961101
28040|37161960100
28041|37159051002
28042|37045950200
28043|37161961101
28043|37161960700
28043|37161960900
28043|37161960500
28043|37161960800
28043|37161961200
28043|37161960100
28043|37161960400
28043|37161960600
28043|37161961102
28052|37071031900
28052|37071033203
28052|37071031701
28052|37071031401
28052|37071031600
28052|37071033100
28052|37071033204
28052|37071032900
28052|37071031703
28052|37071031704
28052|37071033202
28052|37071032800
28052|37071031800
28052|37071031500
28052|37071033400
28052|37071030802
28052|37071032000
28053|37071031900
28054|37071033303
28054|37071032702
28054|37071031900
28054|37071031402
28054|37071032703
28054|37071032506
28054|37071031401
28054|37071032600
28054|37071032704
28054|37071031302
28054|37071032505
28054|37071032000
28054|37071032100
28054|37071032800
28054|37071031301
28054|37071033304
28054|37071033202
28055|37071032600
28056|37071031001
28056|37071032502
28056|37071031202
28056|37071033304
28056|37071032200
28056|37071033303
28056|37071032600
28056|37071032508
28056|37071032506
28056|37071032301
28056|37071031004
28056|37071030302
28056|37071033305
28056|37071033307
28056|37071032507
28056|37071031302
28056|37071033306
28056|37071031301
28056|37071033400
28056|37071033202
28056|37071033500
28056|37071032800
28056|37071031003
28070|37119006303
28071|37159051001
28071|37025041701
28071|37159050904
28071|37167930101
28071|37025041702
28071|37159050903
28072|37159051002
28073|37045950602
28073|37045951602
28073|37045951601
28073|37045950601
28074|37161961200
28075|37025042604
28075|37025041501
28075|37025041601
28075|37025041502
28075|37025042603
28076|37161961101
28077|37071030301
28078|37119006214
28078|37119006303
28078|37119006210
28078|37119006209
28078|37119006407
28078|37025041301
28078|37119006105
28078|37025041302
28078|37119006212
28078|37119006213
28078|37119006302
28078|37119005508
28078|37119005509
28078|37119005517
28078|37119006304
28078|37119006215
28078|37025041303
28078|37119006404
28078|37119005516
28078|37119006211
28078|37119005515
28078|37119006106
28078|37119006204
28079|37179020313
28079|37179020317
28079|37179020203
28079|37179020311
28079|37179020204
28079|37179020305
28079|37119005715
28079|37179020309
28079|37179020306
28079|37179020314
28079|37179020307
28079|37179020310
28079|37179020316
28079|37179020202
28079|37179020315
28079|37179020312
28080|37109071002
28080|37071030205
28080|37071030203
28080|37109070902
28080|37109071001
28081|37159051801
28081|37025040703
28081|37025041100
28081|37025041000
28081|37159051501
28081|37159051502
28081|37025041200
28081|37159051600
28082|37025040800
28083|37025040702
28083|37025040800
28083|37025040703
28083|37025040600
28083|37159051600
28083|37025041000
28083|37159051400
28083|37025040900
28083|37159051101
28083|37025040701
28086|37071031701
28086|37045950602
28086|37071030502
28086|37071031703
28086|37045950601
28086|37045950301
28086|37045950400
28086|37045950500
28086|37045950302
28086|37071031600
28086|37071031704
28086|37071030801
28088|37159051600
28089|37045951400
28090|37035011802
28090|37045950101
28090|37045950102
28090|37109070600
28090|37045950301
28090|37045951300
28090|37045950200
28090|37109070500
28090|37023021203
28091|37007920100
28091|37007920600
28092|37109070300
28092|37109070901
28092|37071030501
28092|37109071001
28092|37035011702
28092|37109070201
28092|37109070500
28092|37109070800
28092|37109070902
28092|37035011802
28092|37109070600
28092|37109070700
28092|37109070400
28092|37071030401
28092|37109070100
28092|37071030301
28092|37109070202
28093|37109070100
28097|37025041602
28097|37025041701
28097|37167930802
28097|37167930801
28097|37167930900
28097|37167930700
28097|37025041601
28098|37071032200
28098|37071031301
28098|37071031302
28101|37071032200
28101|37071032301
28102|37007920600
28103|37179020901
28103|37007920300
28103|37179020800
28103|37007920600
28103|37179020100
28103|37179020702
28104|37179020311
28104|37179020309
28104|37179020308
28104|37179020313
28104|37179020316
28104|37179020310
28104|37179021010
28104|37179021011
28104|37119005714
28104|37179020315
28104|37179020203
28104|37179020312
28104|37119005713
28104|37179021006
28104|37119005823
28104|37119005712
28104|37179020317
28104|37119005835
28104|37179020314
28105|37119005716
28105|37119005834
28105|37119005709
28105|37179020314
28105|37119005811
28105|37119003015
28105|37119005835
28105|37119005712
28105|37119005832
28105|37119001921
28105|37119005713
28105|37179020312
28105|37179020315
28105|37119005847
28105|37179020313
28105|37119005717
28105|37119005823
28105|37119005833
28105|37119005848
28105|37179021010
28105|37119005812
28105|37119005711
28105|37119005710
28106|37119005834
28107|37025041601
28107|37119005715
28107|37179020204
28107|37025041502
28107|37025041602
28107|37167930802
28107|37179020203
28108|37179021005
28109|37167930101
28110|37179020404
28110|37179020312
28110|37179020307
28110|37179020308
28110|37179020401
28110|37179020204
28110|37179020403
28110|37179020306
28110|37179021011
28110|37179021005
28110|37179020317
28110|37179020601
28110|37179020100
28110|37179020701
28110|37179020202
28110|37179020602
28110|37179020501
28111|37179020501
28112|37179020601
28112|37179020501
28112|37179020602
28112|37179020901
28112|37179020403
28112|37179020702
28112|37179020502
28112|37179020902
28112|37179021005
28114|37161961102
28114|37161961200
28114|37045951501
28114|37045951502
28114|37161961101
28114|37045951400
28114|37161961000
28115|37159051801
28115|37097061302
28115|37097061404
28115|37097061602
28115|37097061303
28115|37159051901
28115|37097061202
28115|37097061601
28115|37097061501
28115|37097061407
28115|37097061502
28115|37097061408
28115|37097061503
28115|37159051802
28115|37097061304
28117|37097061203
28117|37097061407
28117|37097061403
28117|37097061204
28117|37097061401
28117|37097061602
28117|37097061406
28117|37097061402
28117|37097061304
28117|37097061601
28117|37097061405
28117|37097061404
28119|37007920500
28119|37007920600
28120|37071030102
28120|37071031101
28120|37071031004
28120|37071033500
28120|37071030204
28120|37071030203
28120|37071031001
28120|37071031102
28120|37071030101
28120|37071031201
28120|37071031003
28123|37097061407
28124|37025041602
28124|37025041701
28124|37167930700
28124|37167930101
28124|37025041702
28125|37097061302
28125|37159051802
28125|37159051901
28125|37097061303
28126|37119005613
28127|37123960300
28127|37167930200
28127|37167930102
28127|37167930500
28127|37159050904
28127|37167930101
28127|37057062001
28127|37167930300
28128|37167931100
28128|37167931000
28129|37167930900
28129|37167930802
28129|37167930700
28129|37167930801
28130|37119006010
28133|37007920300
28133|37007920600
28133|37179020800
28133|37179020100
28134|37119005825
28134|37119005837
28134|37119005826
28134|37119980200
28134|37119005829
28134|37119005836
28134|37119005824
28135|37007920200
28135|37179020100
28135|37007920400
28135|37007920500
28135|37007920300
28136|37045950102
28137|37159050901
28137|37167930101
28137|37159050904
28137|37167930102
28138|37159051400
28138|37025041702
28138|37159051001
28138|37159050903
28138|37159051002
28138|37025040600
28138|37159051101
28139|37161960200
28139|37161960300
28139|37161960500
28139|37161961200
28139|37161960400
28139|37149920200
28139|37161960600
28139|37149920101
28139|37161960100
28144|37159052000
28144|37159051303
28144|37159051302
28144|37159050300
28144|37159050800
28144|37159050202
28144|37159050700
28144|37159050500
28144|37159050400
28144|37159050201
28145|37159050201
28146|37159050901
28146|37159051002
28146|37159051700
28146|37159050201
28146|37159050903
28146|37159050800
28146|37159051102
28146|37159050202
28146|37159051001
28146|37159051101
28146|37159050904
28147|37159051202
28147|37159051302
28147|37159051802
28147|37159051102
28147|37159050300
28147|37159051901
28147|37159051303
28147|37159050202
28147|37159051700
28147|37159051902
28147|37159050400
28147|37159051301
28147|37159051204
28147|37159051201
28150|37045951100
28150|37045950900
28150|37045950800
28150|37045950301
28150|37161960100
28150|37045951200
28150|37045950700
28150|37161961000
28150|37045950102
28150|37045951400
28150|37045951000
28150|37045951300
28150|37045950302
28150|37045950200
28151|37045951000
28152|37045951200
28152|37045951400
28152|37045951000
28152|37045951602
28152|37045951601
28152|37045951502
28152|37045951501
28152|37045951503
28152|37045951100
28152|37045951300
28152|37045950700
28159|37159050500
28159|37159050700
28160|37161960900
28160|37161960600
28160|37161960500
28160|37161960800
28160|37161960700
28163|37167930801
28163|37167930802
28163|37167930900
28164|37071030101
28164|37071033500
28164|37071030204
28164|37109071102
28164|37071030203
28164|37109071201
28164|37071030205
28164|37109071002
28166|37097061301
28166|37097061203
28166|37097061302
28166|37097061303
28166|37097061205
28166|37097061204
28166|37097061201
28166|37097061202
28167|37111970901
28167|37161960200
28167|37161960100
28168|37035011702
28168|37109070500
28168|37035011801
28168|37109070600
28168|37109070700
28168|37023021203
28168|37035011802
28168|37045950101
28169|37045950301
28170|37007920600
28170|37007920400
28170|37007920100
28170|37007920200
28170|37007920500
28170|37007920300
28173|37179021011
28173|37179021009
28173|37179020308
28173|37179021006
28173|37179021005
28173|37179021007
28173|37179021015
28173|37179021004
28173|37179020902
28173|37179021008
28173|37179021014
28173|37179021013
28173|37179021010
28173|37179021012
28174|37179020702
28174|37179020701
28174|37179020901
28174|37179020800
28174|37179020100
28174|37179020601
28201|37119000100
28202|37119000500
28202|37119004100
28202|37119000400
28202|37119000300
28202|37119980300
28202|37119003500
28202|37119000100
28202|37119000600
28203|37119003300
28203|37119003700
28203|37119003600
28203|37119003400
28203|37119002500
28203|37119000400
28203|37119003500
28203|37119000100
28204|37119000300
28204|37119003500
28204|37119002400
28204|37119000800
28204|37119001000
28204|37119002600
28204|37119002701
28204|37119002500
28204|37119980300
28204|37119000600
28205|37119001300
28205|37119000700
28205|37119001605
28205|37119001802
28205|37119001000
28205|37119001918
28205|37119001914
28205|37119001400
28205|37119001609
28205|37119001100
28205|37119001504
28205|37119001509
28205|37119001603
28205|37119002300
28205|37119001607
28205|37119000800
28205|37119001701
28205|37119001200
28205|37119000900
28205|37119001702
28205|37119001606
28205|37119001801
28205|37119001608
28206|37119005200
28206|37119001400
28206|37119005301
28206|37119004900
28206|37119000500
28206|37119005100
28206|37119000600
28206|37119005000
28206|37119000700
28206|37119004700
28207|37119002800
28207|37119001100
28207|37119002600
28207|37119002702
28207|37119002400
28207|37119002701
28208|37119004302
28208|37119004200
28208|37119004400
28208|37119003902
28208|37119004305
28208|37119004304
28208|37119000500
28208|37119004100
28208|37119004303
28208|37119005912
28208|37119980100
28208|37119006010
28208|37119003805
28208|37119004500
28208|37119003600
28208|37119004000
28208|37119003903
28208|37119000400
28209|37119003300
28209|37119003201
28209|37119003102
28209|37119003400
28209|37119003802
28209|37119003103
28209|37119003700
28209|37119003204
28209|37119002702
28209|37119002906
28209|37119003203
28210|37119005827
28210|37119003006
28210|37119002903
28210|37119003106
28210|37119003007
28210|37119005828
28210|37119003105
28210|37119003103
28210|37119003108
28210|37119003011
28210|37119005829
28210|37119003102
28210|37119002906
28210|37119003109
28210|37119003012
28211|37119002905
28211|37119002300
28211|37119002002
28211|37119002200
28211|37119002906
28211|37119002100
28211|37119002003
28211|37119002903
28211|37119002904
28212|37119001918
28212|37119001912
28212|37119001914
28212|37119001920
28212|37119001919
28212|37119001910
28212|37119001607
28212|37119001609
28212|37119001921
28212|37119001702
28212|37119002003
28212|37119001915
28213|37119005301
28213|37119005306
28213|37119005307
28213|37119001505
28213|37119005604
28213|37119005614
28213|37119005612
28213|37119005613
28213|37119005615
28213|37119005308
28213|37119005305
28213|37119001510
28213|37025042604
28213|37119005609
28213|37119001509
28213|37119005611
28213|37119005605
28213|37025041501
28213|37119005610
28214|37119006010
28214|37119005906
28214|37119006009
28214|37119006103
28214|37119006006
28214|37119004303
28214|37119006104
28214|37119006007
28214|37119004305
28214|37119004000
28214|37119006008
28214|37119004304
28214|37119980100
28214|37119006005
28215|37119001510
28215|37119001609
28215|37119001603
28215|37119005616
28215|37119005618
28215|37119005621
28215|37119005617
28215|37025041502
28215|37119001509
28215|37119001508
28215|37119005619
28215|37119005620
28215|37119001504
28215|37119001608
28215|37119001922
28215|37119005613
28215|37119001507
28215|37119001912
28215|37119005615
28215|37025041501
28216|37119004400
28216|37119006105
28216|37119004100
28216|37119004600
28216|37119004500
28216|37119006109
28216|37119006107
28216|37119006108
28216|37119006106
28216|37119004800
28216|37119004700
28216|37119005401
28216|37119006104
28216|37119006103
28216|37119006010
28217|37119003201
28217|37119005916
28217|37119003805
28217|37119003808
28217|37119003806
28217|37119003103
28217|37119005906
28217|37119003807
28217|37119980100
28217|37119005824
28217|37119003802
28217|37119005912
28217|37119003700
28217|37119003102
28217|37119003106
28219|37119980100
28220|37119003204
28221|37119005404
28222|37119002300
28223|37119005604
28224|37119003106
28226|37119002004
28226|37119005831
28226|37119002903
28226|37119005815
28226|37119003018
28226|37119003015
28226|37119002904
28226|37119005829
28226|37119005826
28226|37119005830
28226|37119003007
28226|37119003017
28226|37119003013
28226|37119003008
28227|37119001911
28227|37119005714
28227|37119005715
28227|37119005706
28227|37119005621
28227|37119001915
28227|37119005711
28227|37025041601
28227|37119005717
28227|37119005812
28227|37119005620
28227|37179020309
28227|37119001922
28227|37119005713
28227|37119001910
28227|37119001921
28227|37119005710
28227|37119005716
28227|37119001912
28227|37119001916
28227|37119001917
28227|37119001923
28227|37179020203
28228|37119004000
28229|37119001912
28230|37119000600
28231|37119000600
28232|37119000600
28233|37119000600
28234|37119000600
28235|37119000600
28236|37119000600
28237|37119000600
28241|37119005909
28244|37119000100
28246|37119000100
28247|37119003008
28256|37119001505
28262|37119005609
28262|37119005518
28262|37025042602
28262|37119005523
28262|37119005520
28262|37119005524
28262|37119005522
28262|37119005512
28262|37119005521
28262|37119005514
28262|37119004100
28262|37119005519
28262|37119005307
28262|37119005611
28262|37119005610
28262|37119005604
28262|37119001505
28266|37119004000
28269|37119005401
28269|37119005514
28269|37119005524
28269|37119006109
28269|37025041303
28269|37119006106
28269|37119005516
28269|37119006107
28269|37119005519
28269|37119005509
28269|37119005515
28269|37119005404
28269|37119005511
28269|37119005403
28269|37119005508
28269|37119005512
28269|37119005517
28269|37119005518
28269|37119005510
28269|37119005522
28269|37119005513
28270|37119002003
28270|37119003015
28270|37119005832
28270|37119005823
28270|37119005812
28270|37119005833
28270|37119002004
28270|37119003016
28270|37119005811
28270|37119005848
28270|37119005847
28270|37119002002
28271|37119005845
28273|37119005909
28273|37119005827
28273|37119005915
28273|37119005910
28273|37119003108
28273|37119005906
28273|37119005912
28273|37119005918
28273|37119005914
28273|37119005916
28273|37119980200
28273|37119005911
28273|37119005913
28273|37119005824
28273|37119005917
28273|37119005907
28273|37119003109
28274|37119002702
28277|37119005837
28277|37119005816
28277|37119005840
28277|37119005831
28277|37119005836
28277|37119005845
28277|37119005817
28277|37119005847
28277|37119005832
28277|37119005815
28277|37119005844
28277|37119005823
28277|37119005839
28277|37119005841
28277|37119002004
28277|37119005843
28277|37119005846
28277|37119005838
28277|37119005842
28278|37119005910
28278|37119005911
28278|37119980100
28278|37119005912
28278|37119005908
28278|37119005909
28278|37119005906
28278|37119005907
28280|37119000100
28281|37119000100
28282|37119000100
28284|37119000100
28285|37119000100
28287|37119003011
28297|37119004600
28299|37119001100
28301|37051001200
28301|37051003800
28301|37051002401
28301|37051001500
28301|37051000200
28301|37051002501
28301|37051001000
28301|37051000800
28301|37051002502
28301|37051001100
28301|37051002402
28301|37051000900
28302|37051003800
28303|37051000900
28303|37051003305
28303|37051000702
28303|37051000600
28303|37051003407
28303|37051000701
28303|37051002100
28303|37051980100
28303|37051002300
28303|37051003304
28303|37051002001
28303|37051002200
28303|37051001800
28304|37051003314
28304|37051002002
28304|37051001902
28304|37051003204
28304|37051003205
28304|37051001700
28304|37051003307
28304|37051000701
28304|37051001903
28304|37051003302
28304|37051003201
28304|37051000600
28304|37093970102
28304|37051003313
28304|37051003203
28304|37051001800
28304|37093970101
28305|37051000701
28305|37051000800
28305|37051000900
28305|37051003800
28305|37051000702
28305|37051000600
28306|37051003102
28306|37051003103
28306|37017950300
28306|37051001604
28306|37051001901
28306|37051003001
28306|37051001902
28306|37051003201
28306|37093970103
28306|37051000600
28306|37051001603
28306|37051003002
28306|37051001800
28306|37051000200
28306|37051000500
28306|37051001700
28306|37051001601
28306|37051001903
28306|37093970102
28306|37051001500
28306|37051003800
28307|37051003403
28307|37051003500
28307|37051003406
28307|37051003405
28307|37051003408
28307|37051003401
28307|37051003407
28308|37051003401
28309|37051002002
28310|37051003408
28310|37051003404
28310|37051003407
28310|37051980100
28310|37051003402
28310|37051003405
28310|37051003403
28310|37051003406
28311|37051980200
28311|37051001200
28311|37051002502
28311|37051002503
28311|37051002401
28311|37051002402
28311|37051003700
28311|37051002504
28311|37051002501
28312|37051001400
28312|37017950200
28312|37051003800
28312|37051002600
28312|37051002800
28312|37051002900
28312|37051002700
28314|37051002002
28314|37051003304
28314|37051003313
28314|37051003314
28314|37051000701
28314|37051003312
28314|37051003309
28314|37051003307
28314|37051003305
28314|37051002001
28314|37051003302
28314|37051003311
28314|37051003310
28314|37051001800
28315|37125950702
28315|37125951100
28315|37125950601
28315|37125950701
28315|37125950302
28315|37093970201
28315|37125950801
28315|37125951200
28315|37125951000
28318|37051002800
28318|37051002900
28318|37163970302
28318|37163970400
28320|37017950300
28320|37047930500
28320|37017950400
28320|37017950500
28320|37017950600
28323|37085071204
28323|37085070600
28323|37085071201
28325|37061090200
28326|37085071402
28326|37085071302
28326|37105030503
28326|37125950502
28326|37085071401
28326|37125950402
28326|37085071303
28326|37125950501
28327|37125950802
28327|37125950401
28327|37125950501
28327|37125950100
28327|37125950502
28327|37125950301
28327|37125950402
28327|37125950602
28328|37163970700
28328|37163970800
28328|37163970200
28328|37163970900
28328|37163970100
28328|37163971000
28328|37163970500
28328|37163970600
28328|37163970400
28329|37163970800
28330|37153970800
28331|37051001901
28332|37017950300
28333|37191000602
28333|37191000902
28333|37191000601
28333|37191000901
28334|37163970302
28334|37101041400
28334|37085070100
28334|37085070200
28334|37101041300
28334|37085070401
28334|37051002600
28334|37085070300
28334|37085070402
28334|37163970301
28334|37085070500
28334|37051002700
28334|37163970200
28337|37017950100
28337|37017950600
28337|37017950300
28337|37017950400
28337|37017950200
28338|37153970100
28338|37153970300
28338|37153970200
28338|37123960500
28339|37085070600
28339|37085070500
28339|37085070700
28339|37085070802
28339|37085070401
28340|37155961900
28340|37155961700
28340|37155961802
28340|37155961602
28341|37061090200
28341|37061090300
28341|37163970100
28341|37163970200
28342|37051002700
28343|37165010500
28344|37051002600
28344|37163970301
28344|37051002700
28344|37163970302
28345|37153970700
28345|37165010500
28345|37153970100
28345|37153971000
28345|37153970900
28345|37153970600
28345|37153971100
28347|37153970100
28347|37125951200
28348|37051003002
28348|37051003103
28348|37051001601
28348|37051001603
28348|37051001604
28348|37051003104
28348|37051003001
28349|37061090400
28349|37061090501
28349|37061090502
28350|37125950502
28351|37165010500
28351|37165010600
28351|37153971100
28351|37165010200
28352|37165010102
28352|37165010600
28352|37165010200
28352|37165010500
28352|37155962002
28352|37165010400
28352|37165010101
28352|37165010300
28353|37165010102
28355|37105030503
28356|37085070600
28356|37085071201
28356|37051003700
28357|37093970401
28357|37155960202
28357|37155960102
28357|37155960201
28358|37155961301
28358|37155961400
28358|37155960801
28358|37155961302
28358|37155961601
28358|37155961700
28358|37155960402
28358|37155961100
28358|37155961802
28358|37155960802
28358|37155961200
28358|37155961500
28358|37155961000
28358|37155960900
28358|37155961602
28359|37155961000
28360|37155960702
28360|37155960801
28360|37155960701
28360|37155960503
28360|37155960402
28360|37155961500
28360|37155960600
28360|37155961802
28360|37155960900
28362|37155961900
28363|37165010600
28363|37153971100
28363|37153970100
28363|37153971000
28364|37155960401
28364|37155962001
28364|37155962002
28364|37155960300
28364|37093970402
28364|37155961801
28364|37165010600
28364|37155960501
28364|37165010400
28365|37191000800
28365|37191001000
28365|37191000700
28365|37061090200
28365|37061090100
28365|37191000902
28365|37163970200
28365|37191000602
28365|37163970100
28366|37163970302
28366|37163970200
28366|37101041202
28366|37101041300
28366|37163970100
28367|37153970200
28368|37085071301
28369|37155961601
28369|37155960300
28369|37155961602
28370|37125950701
28371|37051003102
28371|37155960101
28371|37155960102
28371|37093970401
28371|37051003103
28371|37051003001
28371|37155960201
28371|37051003104
28372|37155960503
28372|37155960401
28372|37155960600
28372|37155960501
28372|37155961801
28372|37155960402
28372|37155960502
28373|37125951200
28374|37125950602
28374|37125950601
28374|37125951100
28374|37125950801
28374|37125950702
28374|37125950802
28374|37125950701
28375|37155961602
28376|37093980100
28376|37093970102
28376|37093970101
28376|37093970402
28376|37093970202
28376|37093970103
28376|37093970300
28376|37093970201
28376|37093970401
28377|37155960300
28377|37093970402
28377|37093970401
28377|37155960600
28377|37155960401
28377|37093970202
28377|37155960402
28377|37155960202
28378|37155960201
28379|37153970500
28379|37153970200
28379|37153970100
28379|37153970600
28379|37153970300
28379|37153971100
28379|37153971000
28379|37153970700
28379|37153970900
28379|37153970400
28379|37153970800
28380|37153970500
28382|37051002900
28382|37017950100
28382|37163970200
28382|37163970900
28382|37163970500
28382|37163970302
28382|37163970400
28383|37155961801
28383|37155961802
28383|37155961900
28383|37155962002
28383|37155960503
28384|37017950300
28384|37155960201
28384|37155960101
28384|37155960701
28384|37155961400
28384|37051003001
28384|37155960102
28384|37155960202
28385|37163970200
28385|37163970500
28385|37163970302
28386|37093970402
28386|37155960201
28386|37093970401
28386|37155960202
28386|37155960701
28387|37125951000
28387|37125951100
28387|37125950702
28387|37125950802
28387|37125950502
28387|37125950801
28387|37125950900
28388|37125950900
28390|37051980200
28390|37085071301
28390|37051980100
28390|37085071204
28390|37051003700
28390|37085071201
28390|37085071303
28390|37085071202
28390|37085071203
28390|37051003600
28390|37085070600
28390|37051003401
28390|37051003500
28391|37051002800
28391|37051002900
28391|37051002700
28391|37163970302
28392|37017950300
28393|37163970100
28393|37061090300
28394|37125950502
28394|37125950802
28394|37125950501
28394|37125951000
28395|37051002600
28395|37051002700
28395|37051002800
28396|37165010600
28396|37165010400
28398|37061090400
28398|37061090801
28398|37061090200
28398|37061090300
28398|37163970100
28399|37017950200
28399|37051002900
28401|37129011100
28401|37129011300
28401|37129980100
28401|37129010600
28401|37141920502
28401|37129010200
28401|37129010900
28401|37129010800
28401|37129011500
28401|37129010700
28401|37129011400
28401|37129011200
28401|37129011000
28401|37129010100
28401|37019020104
28402|37129011300
28403|37129010200
28403|37129010501
28403|37129010600
28403|37129010400
28403|37129012001
28403|37129011703
28403|37129012006
28403|37129010300
28403|37129010502
28403|37129011904
28403|37129011903
28403|37129011902
28403|37129011701
28404|37129012300
28405|37129011606
28405|37129010501
28405|37129010300
28405|37129010200
28405|37129011500
28405|37129011904
28405|37129011703
28405|37129011705
28405|37129011603
28405|37129011605
28405|37129011701
28405|37129980100
28405|37129011903
28406|37129010600
28408|37129012104
28409|37129012103
28409|37129012001
28409|37129012004
28409|37129012010
28409|37129012009
28409|37129012104
28410|37129010800
28411|37141920202
28411|37141920203
28411|37129011608
28411|37129012300
28411|37129011705
28411|37129011603
28411|37129011606
28411|37129011701
28411|37129011607
28412|37129012006
28412|37129012007
28412|37129012008
28412|37129012001
28412|37129012105
28412|37129010800
28412|37129012104
28412|37129012009
28412|37129012101
28412|37129012103
28412|37129010700
28412|37129012010
28420|37019020504
28420|37019020505
28420|37019020601
28420|37019020602
28421|37141920501
28421|37163971000
28422|37019020304
28422|37019020204
28422|37019020603
28422|37019020203
28422|37019020303
28422|37019020602
28423|37047930200
28423|37047930300
28423|37047930100
28423|37017950600
28424|37047931000
28425|37141920501
28425|37141920601
28425|37141920403
28425|37141920402
28425|37141920401
28425|37141920204
28425|37141920300
28428|37129012201
28428|37129012203
28428|37129012202
28429|37129011500
28429|37129011608
28429|37129011603
28430|37047930600
28430|37047930500
28430|37047930700
28431|37047931000
28431|37047931100
28431|37047930700
28431|37047930600
28431|37047930900
28431|37047930500
28432|37047931200
28432|37047931100
28432|37047930600
28433|37017950500
28433|37017950600
28433|37017950400
28433|37047930300
28433|37047930500
28433|37047930400
28434|37017950600
28435|37017950100
28435|37141920502
28435|37141920601
28435|37141920501
28436|37047930200
28436|37047930100
28436|37019020602
28438|37047930500
28438|37017950500
28439|37047930600
28441|37163971000
28441|37017950100
28441|37017950200
28441|37163970900
28441|37051002900
28442|37047930300
28442|37047930400
28443|37141920201
28443|37141920204
28443|37141920203
28443|37141920202
28443|37141920102
28443|37141920103
28444|37017950100
28444|37163971000
28444|37163970900
28444|37061090802
28445|37133000401
28445|37133000500
28445|37141920204
28445|37133000402
28445|37141920102
28445|37141920103
28445|37141920101
28445|37133000403
28447|37017950100
28447|37141920501
28447|37163971000
28448|37141920501
28448|37017950100
28449|37129012203
28450|37047931300
28450|37047930400
28450|37047930200
28450|37047930300
28451|37019020101
28451|37019020201
28451|37019020104
28451|37019020602
28451|37019020203
28451|37019020202
28451|37019020102
28451|37019020103
28452|37019020505
28453|37061090801
28453|37061090400
28453|37163971000
28453|37061090802
28454|37133000301
28454|37133000401
28454|37133000302
28454|37141920204
28455|37047931300
28456|37047930100
28456|37019020602
28456|37017950600
28456|37019020101
28457|37141920601
28457|37141920203
28457|37141920501
28457|37141920602
28457|37141920502
28457|37141920401
28457|37141920204
28458|37061090802
28458|37163971000
28458|37061090701
28458|37061090801
28458|37061090702
28458|37061090400
28459|37019020601
28460|37133000402
28460|37133000401
28460|37133000403
28461|37019020304
28461|37019020306
28461|37019020305
28461|37019020307
28461|37019020202
28461|37019020204
28462|37019020405
28462|37019020402
28462|37019020403
28462|37019020404
28462|37019020602
28462|37019020603
28462|37019020601
28463|37047931200
28463|37047931100
28463|37047931300
28463|37047930600
28464|37061090702
28464|37061090701
28464|37061090802
28465|37019990100
28465|37019020310
28465|37019020308
28465|37019020309
28465|37019020306
28466|37141920204
28466|37061090600
28466|37061090701
28466|37061090702
28466|37141920300
28466|37061090802
28466|37163971000
28467|37019020505
28467|37019020508
28467|37019020504
28467|37019020509
28467|37019020507
28467|37019020512
28468|37019020509
28468|37019020510
28468|37019020512
28468|37019020508
28468|37019020505
28469|37019020511
28469|37019020509
28469|37019990100
28469|37019020508
28469|37019020510
28469|37019020512
28469|37019020505
28470|37019020511
28470|37019020404
28470|37019020506
28470|37019020601
28470|37019020505
28470|37019020403
28472|37047931000
28472|37047930500
28472|37047930800
28472|37047930400
28472|37047931300
28472|37047930700
28472|37047930900
28472|37047931100
28472|37047931200
28478|37163971000
28478|37061090802
28478|37141920501
28478|37141920402
28478|37141920300
28479|37019020203
28479|37019020202
28479|37019020602
28479|37019020204
28480|37129011800
28501|37107010500
28501|37107010200
28501|37107010400
28501|37107011400
28501|37107010300
28501|37049960300
28501|37107010100
28501|37103920300
28501|37107010600
28501|37079950300
28501|37107010700
28501|37107010900
28501|37107010800
28504|37107010800
28504|37107011400
28504|37107011002
28504|37107010700
28504|37107010600
28504|37103920300
28504|37107011001
28504|37107010900
28504|37107011200
28504|37107011300
28508|37061090100
28509|37137950102
28510|37137950201
28511|37031970101
28512|37031971101
28512|37031971001
28512|37031971002
28512|37031971102
28513|37147001401
28513|37147001402
28513|37079950102
28513|37147001500
28513|37147001600
28513|37147001200
28515|37137950102
28515|37137950201
28515|37137950202
28516|37031970301
28516|37031970304
28516|37031970102
28516|37031970303
28516|37031970103
28516|37031970302
28518|37061090501
28518|37061090400
28518|37133000201
28518|37061090502
28518|37061090600
28518|37061090701
28519|37049960102
28520|37031970102
28521|37133000201
28521|37133000301
28521|37061090600
28521|37061090502
28522|37103920300
28523|37049960300
28524|37031970102
28525|37061090100
28525|37107011200
28525|37107011400
28526|37103920300
28526|37049960300
28526|37107011400
28527|37049960200
28527|37049960102
28528|37031970103
28529|37137950201
28529|37137950101
28529|37137950102
28530|37079950102
28530|37107010900
28530|37147001600
28530|37147001200
28530|37147001500
28530|37147001401
28530|37049960200
28530|37107010100
28530|37147001402
28531|37031970200
28532|37049961202
28532|37031970704
28532|37049961303
28532|37049961302
28532|37049961100
28532|37049961301
28532|37049961201
28533|37049961201
28537|37137950102
28538|37079950102
28538|37107010100
28538|37107010900
28538|37079950300
28539|37133002800
28539|37133000500
28539|37133000103
28539|37133002500
28539|37133000102
28540|37133000201
28540|37133001700
28540|37133000301
28540|37133001800
28540|37133000302
28540|37133000500
28540|37133001500
28540|37133001400
28540|37133001101
28540|37133001200
28540|37133000202
28540|37133001300
28540|37133002600
28540|37133001102
28540|37133001000
28540|37133000900
28541|37133001800
28542|37133001000
28542|37133000900
28542|37133000600
28543|37133000900
28544|37133000800
28544|37133002500
28544|37133002400
28544|37133002201
28544|37133000500
28544|37133001800
28545|37133001000
28546|37133002202
28546|37133001200
28546|37133000103
28546|37133001300
28546|37133002600
28546|37133002100
28546|37133000201
28546|37133000900
28546|37133002201
28546|37133002400
28546|37133001500
28546|37133002300
28546|37133000202
28547|37133000700
28547|37133000500
28547|37133000600
28551|37079950200
28551|37191000303
28551|37191000302
28551|37107011001
28551|37079950300
28551|37107011100
28551|37191000401
28551|37107011002
28552|37137950102
28553|37031970103
28554|37079950102
28555|37103920200
28555|37133000103
28555|37031970801
28555|37103920100
28556|37137950202
28556|37137950201
28557|37031970504
28557|37031970403
28557|37031970401
28557|37031970402
28557|37031970503
28557|37031970605
28557|37031970604
28557|37031970502
28557|37031970501
28557|37031970704
28560|37049960300
28560|37049960101
28560|37049960102
28560|37049960600
28560|37049960500
28560|37137950102
28560|37049961002
28560|37137950201
28560|37049961100
28560|37049961001
28560|37049960800
28560|37137950101
28560|37049960700
28560|37049960900
28561|37049960401
28562|37049960402
28562|37049960404
28562|37049961100
28562|37049961002
28562|37049961001
28562|37049960401
28562|37049960403
28562|37049960600
28562|37049960500
28562|37103920200
28562|37049960700
28562|37049960900
28562|37103920100
28562|37049960300
28563|37049960900
28564|37049961002
28570|37031970603
28570|37031970703
28570|37031970702
28570|37031970704
28570|37031970805
28570|37031970803
28570|37031970501
28570|37031970804
28570|37031970701
28570|37031970602
28570|37031970601
28570|37031970604
28571|37137950202
28571|37137950201
28572|37061090501
28572|37103920300
28572|37061090100
28572|37107011200
28573|37103920100
28573|37103920200
28573|37049961001
28574|37133000301
28574|37061090600
28574|37133000202
28574|37133000201
28574|37103920300
28574|37103920200
28575|37031971101
28577|37031970101
28577|37031970102
28578|37061090100
28578|37191000602
28578|37107011200
28579|37031970103
28579|37031970102
28580|37079950200
28580|37079950102
28580|37079950300
28580|37107011002
28580|37079950101
28581|37031970102
28582|37133000103
28582|37133000102
28582|37031970801
28582|37031970805
28583|37137950201
28584|37031970803
28584|37031970804
28584|37031970802
28584|37133000102
28584|37031970805
28584|37031970801
28585|37103920200
28585|37103920300
28586|37049960200
28586|37147001200
28586|37013931000
28587|37137950102
28590|37147001401
28590|37147001301
28590|37147000501
28590|37147001302
28590|37147001600
28590|37147001303
28590|37147000603
28590|37147001402
28590|37147001200
28590|37147000502
28594|37031970902
28594|37031970901
28594|37031970903
28601|37035010302
28601|37035010202
28601|37003040700
28601|37035010301
28601|37035010303
28601|37027031300
28601|37027031402
28601|37035010502
28601|37035010201
28601|37035010600
28601|37035010401
28601|37023021100
28601|37035010402
28601|37035010501
28601|37035010304
28601|37035011000
28601|37023021000
28602|37023021100
28602|37023021202
28602|37035010304
28602|37035011801
28602|37035010402
28602|37035011802
28602|37035010900
28602|37035011102
28602|37035010501
28602|37023021203
28602|37035011701
28602|37035011101
28602|37035011702
28602|37035011000
28602|37035010700
28602|37023021000
28603|37035010501
28603|37035010700
28603|37035010402
28604|37011930100
28604|37189920900
28604|37189921000
28604|37011930200
28604|37011930301
28604|37189920602
28604|37189920300
28605|37189920602
28605|37189920900
28605|37027031000
28605|37011930200
28605|37189920601
28605|37189920800
28605|37189920703
28606|37193961001
28606|37027031100
28606|37027031201
28607|37189920602
28607|37189920702
28607|37189920601
28607|37189920100
28607|37011930100
28607|37189920300
28607|37189920701
28607|37189920400
28607|37189920500
28607|37189920703
28607|37189920800
28607|37189920900
28608|37189920500
28609|37035011501
28609|37035011401
28609|37035011402
28609|37035010101
28609|37035011503
28610|37035011401
28610|37035010101
28610|37035010102
28610|37035011300
28610|37035011402
28610|37035010201
28610|37035011501
28611|37011930200
28611|37027030900
28611|37027031000
28612|37023021000
28612|37023020900
28612|37023021100
28612|37023021202
28612|37035011802
28612|37023021203
28612|37023021302
28612|37023021201
28612|37045950101
28613|37035010304
28613|37035010202
28613|37035010201
28613|37035010301
28613|37035010102
28613|37035011000
28613|37035011701
28613|37035010101
28613|37035011300
28613|37035011200
28613|37035011401
28613|37035010303
28615|37009970400
28615|37009970300
28615|37009970700
28616|37011930400
28617|37009970500
28617|37009970800
28618|37189920701
28618|37193960900
28618|37009970700
28618|37189920702
28619|37023020801
28621|37171930901
28621|37193960200
28621|37171930802
28621|37171931002
28621|37171930902
28621|37171931003
28621|37193960100
28622|37011930100
28622|37011930302
28622|37189921000
28622|37011930301
28623|37005950100
28624|37027031100
28624|37193960900
28624|37027031000
28624|37193961001
28625|37097060902
28625|37097061002
28625|37097060702
28625|37097060602
28625|37097060601
28625|37097061001
28625|37097060703
28625|37097061104
28625|37097060901
28625|37159051902
28625|37059080100
28625|37097060701
28625|37097061102
28625|37097060802
28625|37097060603
28625|37097061003
28625|37097061101
28625|37003040100
28626|37009970700
28627|37005950100
28628|37023020301
28629|37009970800
28630|37027031201
28630|37027031402
28630|37027031403
28630|37003040300
28630|37003040700
28630|37027030700
28630|37027031300
28630|37027031401
28630|37027030800
28630|37027031202
28631|37009970800
28631|37005950300
28633|37027030100
28634|37059080100
28634|37097060801
28634|37097060702
28634|37097060802
28634|37097060703
28634|37097060901
28634|37197050400
28635|37193960400
28635|37193960300
28635|37193960200
28636|37097060902
28636|37097061003
28636|37003040500
28636|37003040100
28636|37003040400
28637|37023021202
28637|37023021100
28638|37027031403
28638|37027031201
28638|37027030600
28638|37027031202
28638|37027030400
28638|37027030700
28640|37009970500
28640|37009970800
28640|37009970400
28641|37023020201
28642|37193961200
28642|37197050300
28642|37197050200
28643|37009970800
28643|37009970200
28643|37009970500
28643|37009970300
28644|37009970800
28644|37005950300
28644|37193960900
28645|37027031000
28645|37189920800
28645|37027030700
28645|37027030200
28645|37027030900
28645|37027031201
28645|37189920702
28645|37027031202
28645|37193960900
28645|37027030400
28645|37027030500
28645|37027030800
28645|37027030100
28645|37027030600
28645|37027031100
28645|37027030300
28645|37023020100
28646|37011930200
28647|37023020201
28649|37193960400
28650|37035011602
28650|37035011504
28650|37035011702
28650|37109070902
28650|37109070800
28650|37109071101
28650|37109070901
28650|37035011601
28650|37035011402
28650|37035011501
28651|37193960700
28651|37193960802
28651|37193960801
28651|37193960400
28651|37193960900
28652|37011930302
28653|37011930200
28654|37003040200
28654|37193961002
28654|37193961200
28654|37003040100
28654|37193961001
28655|37023020302
28655|37023021201
28655|37023021203
28655|37021000200
28655|37023021301
28655|37023020801
28655|37023020900
28655|37111970901
28655|37023020600
28655|37023020301
28655|37027030900
28655|37023020100
28655|37023020201
28655|37027030800
28655|37023020802
28655|37023021400
28655|37023021302
28655|37023020500
28655|37023020202
28656|37193960500
28657|37011930302
28657|37111970100
28657|37023020201
28657|37011930200
28657|37011930301
28657|37011930400
28658|37035011102
28658|37035011000
28658|37035011501
28658|37035010202
28658|37035011702
28658|37035011402
28658|37035011802
28658|37035011300
28658|37035011200
28658|37035011701
28658|37035011601
28658|37035011602
28659|37193960802
28659|37193961200
28659|37193960600
28659|37193961002
28659|37193960700
28659|37193960801
28659|37193960400
28659|37193960500
28659|37193960300
28659|37193961100
28660|37097060801
28660|37097060902
28660|37097060802
28660|37097060901
28661|37027031000
28662|37011930200
28663|37005950300
28664|37011930400
28665|37193960802
28665|37193960900
28665|37193960801
28666|37023021000
28667|37027031402
28668|37005950100
28669|37193960300
28669|37171930902
28669|37193961200
28669|37193960100
28669|37193960200
28670|37193961200
28670|37193960100
28671|37023020900
28672|37005950300
28672|37009970800
28673|37035011501
28673|37035011504
28673|37109071203
28673|37035011503
28675|37005950300
28675|37005950100
28675|37005950200
28676|37193960100
28676|37171930902
28676|37171930901
28676|37171930802
28676|37193960200
28677|37097060400
28677|37097061205
28677|37097061202
28677|37097061302
28677|37097060500
28677|37097061104
28677|37097060701
28677|37097061101
28677|37097061003
28677|37097060100
28677|37097060603
28677|37097060200
28677|37097061201
28677|37097061103
28677|37097061301
28677|37097060300
28678|37097061002
28678|37003040500
28678|37003040100
28678|37097061101
28678|37097061102
28678|37097060902
28679|37189920900
28679|37011930100
28679|37189920200
28679|37189920300
28680|37023020500
28681|37003040100
28681|37003040200
28681|37003040600
28681|37027031201
28681|37003040500
28681|37003040300
28681|37003040400
28681|37003040700
28682|37035011503
28682|37035011504
28683|37171930802
28683|37193960200
28684|37009970300
28684|37189920701
28684|37189920100
28684|37009970700
28685|37193960200
28685|37193960400
28687|37097060400
28687|37097060300
28688|37097060802
28689|37193961200
28689|37003040100
28689|37197050400
28689|37097060801
28689|37097060901
28690|37023020801
28690|37023020802
28690|37023021201
28690|37023021202
28690|37023020900
28692|37189920400
28692|37189920200
28692|37189920900
28692|37189920300
28692|37189920602
28693|37009970500
28693|37009970200
28693|37009970400
28693|37009970300
28694|37009970400
28694|37009970500
28694|37009970700
28694|37009970800
28694|37193960900
28697|37193961100
28697|37193961001
28697|37193960900
28697|37193961002
28697|37193960802
28697|37193960600
28697|37193960700
28697|37193961200
28698|37189920100
28698|37189920200
28698|37009970300
28698|37189920400
28699|37097061101
28701|37021002803
28701|37021002606
28701|37021002604
28701|37021002607
28701|37115010500
28702|37075920100
28702|37173960301
28704|37021002301
28704|37021002203
28704|37021002206
28704|37021002204
28704|37021003202
28704|37089930701
28704|37089930600
28704|37021002205
28705|37121950100
28705|37121950200
28705|37121950300
28705|37199960102
28705|37011930400
28707|37099950200
28708|37175960500
28709|37021002900
28709|37021002703
28710|37089930100
28711|37089930100
28711|37021003002
28711|37161960300
28711|37021003104
28711|37111970800
28711|37021003103
28711|37021003205
28711|37021003102
28712|37175960600
28712|37175960100
28712|37175960200
28712|37175960402
28712|37175960500
28712|37175960300
28712|37175960401
28713|37173960200
28713|37173960302
28713|37173980200
28713|37173940100
28713|37113970100
28713|37113970200
28713|37173960301
28714|37199960101
28714|37121950400
28714|37115010600
28714|37115010100
28714|37199960300
28714|37199960102
28714|37199960200
28714|37021003102
28714|37111970800
28714|37115010700
28714|37199960400
28715|37021002402
28715|37087920200
28715|37021002504
28715|37021002506
28715|37021002503
28715|37021002605
28715|37021002302
28715|37021002505
28715|37021002401
28716|37087921301
28716|37087920200
28716|37021002603
28716|37087920102
28716|37087920300
28716|37087920500
28716|37087921302
28716|37087920400
28717|37099950900
28717|37099950800
28718|37175960402
28719|37173940100
28719|37099940200
28719|37173980200
28719|37087920600
28720|37161960300
28721|37087920102
28721|37087920600
28721|37087920500
28721|37087920200
28721|37087921301
28721|37021002603
28721|37087920400
28721|37087921000
28722|37149920101
28722|37149920103
28722|37149920104
28722|37149920200
28722|37149920301
28723|37087920101
28723|37099950600
28723|37099950800
28723|37099950700
28724|37089930200
28725|37099950300
28726|37089931400
28726|37089931500
28727|37089930100
28728|37021002302
28729|37089930703
28730|37021003205
28730|37021003002
28730|37021003204
28730|37021003203
28730|37021003202
28730|37021003201
28731|37089931500
28731|37149920200
28731|37089930300
28731|37089931000
28731|37089930200
28731|37089932000
28731|37089931400
28732|37089930502
28732|37021003203
28732|37089930600
28732|37021002206
28732|37021002205
28732|37089930701
28732|37089930501
28732|37021003202
28732|37021002203
28732|37089930100
28732|37021003204
28733|37075920100
28734|37113970700
28734|37043950100
28734|37113970400
28734|37113970200
28734|37113970302
28734|37113970600
28734|37113970301
28734|37113970100
28735|37089930100
28736|37099950700
28736|37099950900
28736|37099950800
28738|37087921200
28739|37089931600
28739|37089931902
28739|37089931200
28739|37089931300
28739|37089932000
28739|37089931802
28739|37175960402
28739|37175960401
28739|37089930200
28739|37089931901
28739|37089931700
28739|37089931100
28739|37089931500
28739|37089930703
28740|37199960102
28740|37199960200
28740|37199960400
28740|37121950100
28741|37113970600
28741|37113970502
28741|37113970501
28741|37099950800
28741|37113970400
28741|37099950900
28742|37089930703
28742|37175960100
28742|37089930701
28742|37089931901
28742|37089930702
28742|37089931802
28743|37087920102
28743|37115010200
28744|37113970301
28745|37087920600
28746|37161960300
28746|37161960200
28746|37149920200
28747|37175960600
28747|37099950700
28747|37175960500
28748|37021002604
28748|37021002603
28748|37021002605
28748|37115010500
28748|37021002606
28749|37111970100
28750|37149920301
28751|37087920101
28751|37087920700
28751|37087920800
28751|37099940200
28751|37087920600
28752|37111970500
28752|37111970800
28752|37111970300
28752|37111970901
28752|37111970100
28752|37161960200
28752|37111970400
28752|37111970200
28752|37011930400
28752|37111970600
28752|37111970700
28752|37111970902
28753|37115010100
28753|37115010200
28753|37021002606
28753|37021002603
28753|37021002604
28753|37115010600
28753|37115010500
28753|37115010400
28754|37115010100
28754|37115010500
28754|37115010700
28754|37021001600
28754|37199960400
28754|37115010600
28754|37021002804
28755|37199960101
28756|37149920200
28756|37149920101
28756|37161960300
28756|37089931700
28756|37149920103
28757|37021003102
28758|37089930800
28759|37089930702
28759|37021002301
28759|37021002203
28759|37089930703
28759|37175960100
28759|37089930701
28760|37089930501
28761|37111970901
28761|37111970100
28761|37111970200
28761|37111970300
28761|37023020201
28762|37021003205
28762|37111970600
28762|37111970700
28762|37111970800
28762|37111970902
28763|37113970600
28763|37113970700
28765|37121950400
28766|37175960100
28766|37175960401
28766|37089931902
28766|37089931901
28768|37089931802
28768|37175960100
28768|37175960300
28768|37175960401
28768|37175960200
28770|37021003102
28771|37039930100
28771|37075920100
28771|37173960301
28771|37075920300
28771|37075920200
28772|37175960600
28772|37175960500
28773|37149920200
28773|37149920304
28773|37149920303
28773|37089932000
28774|37099950900
28774|37175960600
28774|37099950700
28775|37113970600
28775|37113970502
28776|37021002204
28777|37199960101
28777|37121950400
28777|37121950300
28777|37011930400
28777|37111970100
28778|37021003002
28778|37021003001
28778|37021003103
28778|37021003104
28779|37099950300
28779|37099950600
28779|37113970400
28779|37099950700
28779|37099950500
28779|37087920101
28779|37099950200
28779|37087920700
28779|37099950400
28781|37113970200
28782|37149920101
28782|37149920304
28782|37149920103
28782|37149920104
28782|37149920303
28782|37149920301
28782|37149920200
28783|37099950800
28783|37099950600
28783|37175960600
28783|37099950700
28784|37089932000
28785|37087920700
28785|37087920102
28785|37087920101
28785|37087920600
28785|37087920500
28785|37087980100
28786|37087920900
28786|37087920500
28786|37087921000
28786|37087920600
28786|37087920700
28786|37087920800
28786|37087921100
28786|37087921301
28786|37087921200
28786|37087920400
28787|37115010500
28787|37021002702
28787|37021002900
28787|37021002804
28787|37021002803
28787|37021001600
28787|37021002703
28787|37021002701
28787|37115010700
28787|37115010600
28788|37099950400
28789|37099940200
28789|37099950300
28789|37099950500
28789|37173960302
28789|37173940100
28790|37089931902
28790|37089932000
28790|37089931500
28791|37089931801
28791|37089931100
28791|37089931200
28791|37089930800
28791|37089930501
28791|37089930900
28791|37089931802
28791|37089930300
28791|37021003203
28792|37089930200
28792|37089931300
28792|37089930900
28792|37089931500
28792|37089931200
28792|37149920200
28792|37089930300
28792|37089930501
28792|37089930100
28792|37089930502
28792|37089931801
28792|37089931400
28792|37089930401
28792|37021003205
28792|37089931100
28792|37089931000
28792|37089930402
28792|37089930800
28792|37021003204
28793|37089931200
28801|37021000200
28801|37021000500
28801|37021000900
28801|37021000800
28801|37021001500
28801|37021000100
28801|37021000400
28801|37021000700
28801|37021000300
28801|37021000600
28801|37021001600
28802|37021000100
28803|37021003203
28803|37021000900
28803|37021003201
28803|37021002206
28803|37021001900
28803|37021002000
28803|37021002101
28803|37021002102
28803|37021003202
28803|37021000800
28803|37021002204
28803|37021000700
28804|37021002703
28804|37021000500
28804|37021002607
28804|37021001500
28804|37021002701
28804|37021001600
28804|37021000400
28804|37021001400
28804|37021002702
28804|37021001802
28804|37021001700
28804|37021000600
28804|37021001801
28804|37021000300
28805|37021002000
28805|37021003001
28805|37021001900
28805|37021001802
28805|37021001801
28805|37021000800
28805|37021000500
28806|37021001100
28806|37021001400
28806|37021001000
28806|37021002606
28806|37021002605
28806|37021002506
28806|37021002302
28806|37021001200
28806|37021002607
28806|37021002505
28806|37021002301
28806|37021001300
28806|37021000400
28810|37021002302
28813|37021002102
28814|37021000500
28815|37021001900
28816|37021001200
28901|37113970200
28901|37039930100
28901|37039930200
28902|37039930500
28902|37043950200
28903|37039930601
28904|37043950200
28904|37043950100
28905|37039930200
28905|37039930400
28906|37039930602
28906|37043950200
28906|37039930200
28906|37039930400
28906|37039930300
28906|37039930601
28906|37039930500
28909|37043950200